Year,Division,Place,Team,Wins,Losses,Ties,Note,Points_Scored,Points_Allowed,Conference_Wins,Conference_Losses,Conference_Ties,Division_Wins,Division_Losses,Division_Ties
2069,AC North,1,2,11,5,0,Won Division,371,319,8,4,0,5,1,0
2069,AC North,2,30,7,9,0,None,340,383,5,7,0,3,3,0
2069,AC North,3,22,7,9,0,None,318,375,5,7,0,2,4,0
2069,AC North,4,6,7,9,0,None,315,368,4,8,0,2,4,0
2069,AC South,1,28,10,6,0,Won Division,329,305,8,4,0,5,1,0
2069,AC South,2,11,9,7,0,Wild Card,351,312,6,6,0,2,4,0
2069,AC South,3,12,8,8,0,None,297,283,6,6,0,2,4,0
2069,AC South,4,31,6,10,0,None,317,381,4,8,0,3,3,0
2069,AC East,1,19,11,5,0,Won Division,454,336,7,5,0,4,2,0
2069,AC East,2,3,8,8,0,None,323,356,5,7,0,4,2,0
2069,AC East,3,16,7,9,0,None,277,348,4,8,0,3,3,0
2069,AC East,4,14,7,9,0,None,297,305,5,7,0,1,5,0
2069,AC West,1,13,11,5,0,Won Division,350,284,10,2,0,4,2,0
2069,AC West,2,8,11,5,0,Wild Card,356,280,8,4,0,3,3,0
2069,AC West,3,23,9,7,0,None,364,323,7,5,0,3,3,0
2069,AC West,4,20,5,11,0,None,349,391,4,8,0,2,4,0
2069,NC North,1,10,10,6,0,Won Division,376,299,7,5,0,3,3,0
2069,NC North,2,5,8,8,0,None,323,373,8,4,0,4,2,0
2069,NC North,3,9,7,9,0,None,342,332,5,7,0,3,3,0
2069,NC North,4,15,5,11,0,None,284,339,4,8,0,2,4,0
2069,NC South,1,4,10,6,0,Won Division,348,295,8,4,0,3,3,0
2069,NC South,2,27,9,7,0,Wild Card,345,312,7,5,0,3,3,0
2069,NC South,3,1,7,9,0,None,231,290,7,5,0,4,2,0
2069,NC South,4,17,5,11,0,None,314,364,5,7,0,2,4,0
2069,NC East,1,29,11,5,0,Won Division,361,296,8,4,0,4,2,0
2069,NC East,2,21,9,7,0,Wild Card,362,302,6,6,0,3,3,0
2069,NC East,3,7,6,10,0,None,279,367,4,8,0,2,4,0
2069,NC East,4,18,5,11,0,None,276,362,4,8,0,3,3,0
2069,NC West,1,0,8,8,0,Won Division,276,270,6,6,0,6,0,0
2069,NC West,2,26,8,8,0,None,357,266,7,5,0,4,2,0
2069,NC West,3,25,8,8,0,None,322,308,5,7,0,1,5,0
2069,NC West,4,24,6,10,0,None,296,376,5,7,0,1,5,0
2068,AC North,1,6,10,6,0,Won Division,339,299,8,4,0,5,1,0
2068,AC North,2,2,9,7,0,None,331,280,7,5,0,3,3,0
2068,AC North,3,22,7,9,0,None,326,341,6,6,0,3,3,0
2068,AC North,4,30,3,13,0,None,262,397,1,11,0,1,5,0
2068,AC South,1,11,13,2,1,Won Division,322,248,11,1,0,5,1,0
2068,AC South,2,12,9,7,0,Wild Card,364,279,7,5,0,4,2,0
2068,AC South,3,28,9,7,0,None,343,304,5,7,0,1,5,0
2068,AC South,4,31,5,10,1,None,295,323,4,8,0,2,4,0
2068,AC East,1,3,11,5,0,Won Division,373,280,9,3,0,6,0,0
2068,AC East,2,14,8,8,0,None,368,354,4,8,0,2,4,0
2068,AC East,3,16,7,9,0,None,318,318,5,7,0,2,4,0
2068,AC East,4,19,4,12,0,None,235,368,4,8,0,2,4,0
2068,AC West,1,23,13,3,0,Won Division,439,297,10,2,0,6,0,0
2068,AC West,2,8,9,7,0,Wild Card,358,314,7,5,0,3,3,0
2068,AC West,3,13,8,8,0,None,300,318,5,7,0,1,5,0
2068,AC West,4,20,6,10,0,None,347,383,3,9,0,2,4,0
2068,NC North,1,10,10,5,1,Won Division,364,303,8,4,0,3,3,0
2068,NC North,2,9,9,6,1,Wild Card,392,308,7,5,0,3,3,0
2068,NC North,3,5,6,10,0,None,293,355,6,6,0,4,2,0
2068,NC North,4,15,4,12,0,None,244,352,3,9,0,2,4,0
2068,NC South,1,27,11,5,0,Won Division,350,337,9,3,0,4,2,0
2068,NC South,2,1,8,8,0,None,297,311,7,5,0,5,1,0
2068,NC South,3,17,7,9,0,None,347,396,6,6,0,2,4,0
2068,NC South,4,4,4,12,0,None,284,414,3,9,0,1,5,0
2068,NC East,1,29,9,7,0,Won Division,358,301,7,5,0,5,1,0
2068,NC East,2,21,9,7,0,Wild Card,305,349,5,7,0,2,4,0
2068,NC East,3,18,7,9,0,None,325,344,5,7,0,2,4,0
2068,NC East,4,7,6,10,0,None,341,349,5,7,0,3,3,0
2068,NC West,1,25,10,6,0,Won Division,333,318,8,4,0,5,1,0
2068,NC West,2,26,8,8,0,None,307,305,6,6,0,3,3,0
2068,NC West,3,24,8,8,0,None,295,287,5,7,0,2,4,0
2068,NC West,4,0,7,9,0,None,336,359,6,6,0,2,4,0
2067,AC North,1,2,12,4,0,Won Division,359,311,9,3,0,4,2,0
2067,AC North,2,6,10,5,1,Wild Card,366,317,8,3,1,5,1,0
2067,AC North,3,30,10,6,0,Wild Card,427,339,8,4,0,2,4,0
2067,AC North,4,22,6,10,0,None,345,373,3,9,0,1,5,0
2067,AC South,1,12,9,6,1,Won Division,344,307,7,5,0,4,2,0
2067,AC South,2,31,7,9,0,None,329,368,3,9,0,2,4,0
2067,AC South,3,11,6,10,0,None,298,366,6,6,0,4,2,0
2067,AC South,4,28,4,12,0,None,302,372,3,9,0,2,4,0
2067,AC East,1,19,12,4,0,Won Division,408,278,10,2,0,6,0,0
2067,AC East,2,3,10,6,0,None,412,367,6,6,0,2,4,0
2067,AC East,3,16,7,9,0,None,299,317,3,9,0,1,5,0
2067,AC East,4,14,6,9,1,None,265,365,4,7,1,3,3,0
2067,AC West,1,13,11,5,0,Won Division,357,273,9,3,0,5,1,0
2067,AC West,2,23,9,6,1,None,383,312,6,5,1,3,2,1
2067,AC West,3,8,7,8,1,None,319,353,5,6,1,1,4,1
2067,AC West,4,20,6,10,0,None,308,355,4,8,0,2,4,0
2067,NC North,1,10,13,3,0,Won Division,473,347,11,1,0,5,1,0
2067,NC North,2,15,13,3,0,Wild Card,427,297,9,3,0,4,2,0
2067,NC North,3,9,9,7,0,Wild Card,322,302,8,4,0,3,3,0
2067,NC North,4,5,1,15,0,None,281,469,1,11,0,0,6,0
2067,NC South,1,4,10,6,0,Won Division,309,292,8,4,0,3,3,0
2067,NC South,2,27,8,8,0,None,394,378,6,6,0,3,3,0
2067,NC South,3,17,8,8,0,None,320,292,5,7,0,2,4,0
2067,NC South,4,1,7,8,1,None,281,287,6,6,0,4,2,0
2067,NC East,1,18,8,8,0,Won Division,322,363,7,5,0,5,1,0
2067,NC East,2,7,8,8,0,None,339,304,7,5,0,4,2,0
2067,NC East,3,29,5,11,0,None,288,353,4,8,0,2,4,0
2067,NC East,4,21,2,14,0,None,246,400,1,11,0,1,5,0
2067,NC West,1,24,10,6,0,Won Division,406,337,9,3,0,4,2,0
2067,NC West,2,26,9,7,0,None,347,316,7,5,0,4,2,0
2067,NC West,3,25,6,10,0,None,302,370,4,8,0,2,4,0
2067,NC West,4,0,4,12,0,None,285,383,3,9,0,2,4,0
2066,AC North,1,6,10,6,0,Won Division,393,308,6,6,0,3,3,0
2066,AC North,2,22,9,7,0,None,371,346,7,5,0,3,3,0
2066,AC North,3,30,7,9,0,None,322,357,5,7,0,4,2,0
2066,AC North,4,2,5,11,0,None,259,340,4,8,0,2,4,0
2066,AC South,1,31,10,6,0,Won Division,406,313,8,4,0,4,2,0
2066,AC South,2,12,7,9,0,None,285,346,6,6,0,2,4,0
2066,AC South,3,28,6,10,0,None,282,352,5,7,0,3,3,0
2066,AC South,4,11,5,11,0,None,286,386,4,8,0,3,3,0
2066,AC East,1,3,12,4,0,Won Division,384,294,10,2,0,5,1,0
2066,AC East,2,19,12,4,0,Wild Card,360,262,9,3,0,5,1,0
2066,AC East,3,16,7,9,0,None,340,366,5,7,0,2,4,0
2066,AC East,4,14,5,11,0,None,230,273,3,9,0,0,6,0
2066,AC West,1,23,13,3,0,Won Division,433,294,10,2,0,4,2,0
2066,AC West,2,13,9,6,1,Wild Card,332,284,7,5,0,4,2,0
2066,AC West,3,20,9,7,0,None,319,311,6,6,0,3,3,0
2066,AC West,4,8,1,15,0,None,226,388,1,11,0,1,5,0
2066,NC North,1,10,14,2,0,Won Division,512,264,11,1,0,5,1,0
2066,NC North,2,9,8,8,0,None,295,336,6,6,0,4,2,0
2066,NC North,3,15,7,9,0,None,366,341,6,6,0,3,3,0
2066,NC North,4,5,4,12,0,None,309,394,3,9,0,0,6,0
2066,NC South,1,27,9,7,0,Won Division,361,362,6,6,0,2,4,0
2066,NC South,2,1,8,8,0,Wild Card,351,339,7,5,0,5,1,0
2066,NC South,3,4,8,8,0,None,334,308,7,5,0,2,4,0
2066,NC South,4,17,7,9,0,None,356,437,5,7,0,3,3,0
2066,NC East,1,7,11,4,1,Won Division,394,310,8,3,1,4,1,1
2066,NC East,2,18,10,6,0,Wild Card,410,322,6,6,0,4,2,0
2066,NC East,3,29,7,9,0,None,336,383,4,8,0,2,4,0
2066,NC East,4,21,6,9,1,None,332,369,5,6,1,1,4,1
2066,NC West,1,25,11,5,0,Won Division,277,251,7,5,0,3,3,0
2066,NC West,2,24,7,9,0,None,363,356,6,6,0,3,3,0
2066,NC West,3,0,5,10,1,None,243,374,4,8,0,2,4,0
2066,NC West,4,26,5,11,0,None,275,376,4,8,0,4,2,0
2065,AC North,1,2,10,6,0,Won Division,340,304,8,4,0,5,1,0
2065,AC North,2,6,7,8,1,None,428,378,6,6,0,3,3,0
2065,AC North,3,22,6,10,0,None,308,419,5,7,0,3,3,0
2065,AC North,4,30,3,13,0,None,226,438,2,10,0,1,5,0
2065,AC South,1,31,10,6,0,Won Division,394,341,7,5,0,3,3,0
2065,AC South,2,28,9,7,0,None,370,332,6,6,0,3,3,0
2065,AC South,3,12,8,8,0,None,333,299,5,7,0,3,3,0
2065,AC South,4,11,7,9,0,None,384,379,5,7,0,3,3,0
2065,AC East,1,19,11,5,0,Won Division,425,331,8,4,0,5,1,0
2065,AC East,2,3,9,6,1,Wild Card,366,362,8,4,0,4,2,0
2065,AC East,3,14,7,9,0,None,309,306,5,7,0,1,5,0
2065,AC East,4,16,6,9,1,None,297,300,4,7,1,2,4,0
2065,AC West,1,13,11,5,0,Won Division,342,300,8,4,0,3,3,0
2065,AC West,2,23,9,6,1,Wild Card,375,320,8,3,1,3,3,0
2065,AC West,3,8,8,8,0,None,359,310,8,4,0,4,2,0
2065,AC West,4,20,2,14,0,None,288,424,2,10,0,2,4,0
2065,NC North,1,10,12,4,0,Won Division,412,301,8,4,0,4,2,0
2065,NC North,2,9,11,5,0,Wild Card,335,306,8,4,0,3,3,0
2065,NC North,3,15,10,6,0,Wild Card,379,298,8,4,0,4,2,0
2065,NC North,4,5,4,11,1,None,317,381,3,9,0,1,5,0
2065,NC South,1,17,9,7,0,Won Division,371,312,6,6,0,3,3,0
2065,NC South,2,4,8,7,1,None,325,313,7,5,0,4,2,0
2065,NC South,3,1,6,9,1,None,256,285,5,6,1,3,3,0
2065,NC South,4,27,6,10,0,None,236,341,4,8,0,2,4,0
2065,NC East,1,18,11,5,0,Won Division,403,347,8,4,0,4,2,0
2065,NC East,2,7,10,6,0,None,343,318,7,5,0,3,3,0
2065,NC East,3,21,10,6,0,None,372,330,6,6,0,3,3,0
2065,NC East,4,29,8,7,1,None,335,334,6,5,1,2,4,0
2065,NC West,1,24,7,9,0,Won Division,381,344,6,6,0,5,1,0
2065,NC West,2,0,7,9,0,None,365,379,5,7,0,2,4,0
2065,NC West,3,25,6,10,0,None,288,402,4,8,0,2,4,0
2065,NC West,4,26,4,12,0,None,273,401,4,8,0,3,3,0
2064,AC North,1,6,9,7,0,Won Division,308,309,6,6,0,4,2,0
2064,AC North,2,22,9,7,0,None,299,312,5,7,0,4,2,0
2064,AC North,3,2,9,7,0,None,321,294,6,6,0,3,3,0
2064,AC North,4,30,3,13,0,None,215,387,2,10,0,1,5,0
2064,AC South,1,28,11,5,0,Won Division,405,291,10,2,0,5,1,0
2064,AC South,2,12,10,6,0,Wild Card,285,268,8,4,0,4,2,0
2064,AC South,3,11,5,11,0,None,267,356,4,8,0,2,4,0
2064,AC South,4,31,5,11,0,None,281,388,3,9,0,1,5,0
2064,AC East,1,19,10,6,0,Won Division,380,282,8,4,0,4,2,0
2064,AC East,2,3,10,6,0,Wild Card,386,296,7,5,0,3,3,0
2064,AC East,3,14,10,6,0,None,402,335,7,5,0,2,4,0
2064,AC East,4,16,9,7,0,None,361,338,6,6,0,3,3,0
2064,AC West,1,13,10,6,0,Won Division,363,260,8,4,0,4,2,0
2064,AC West,2,23,8,8,0,None,355,363,5,7,0,2,4,0
2064,AC West,3,20,8,8,0,None,347,296,6,6,0,3,3,0
2064,AC West,4,8,5,11,0,None,268,312,5,7,0,3,3,0
2064,NC North,1,10,14,2,0,Won Division,469,328,10,2,0,5,1,0
2064,NC North,2,15,11,5,0,Wild Card,385,288,9,3,0,4,2,0
2064,NC North,3,9,8,8,0,None,283,368,5,7,0,0,6,0
2064,NC North,4,5,6,10,0,None,329,367,5,7,0,3,3,0
2064,NC South,1,17,11,5,0,Won Division,325,291,9,3,0,4,2,0
2064,NC South,2,1,10,6,0,Wild Card,349,316,7,5,0,5,1,0
2064,NC South,3,4,9,7,0,None,311,330,6,6,0,2,4,0
2064,NC South,4,27,5,11,0,None,290,377,4,8,0,1,5,0
2064,NC East,1,21,7,9,0,Won Division,373,365,7,5,0,3,3,0
2064,NC East,2,29,7,9,0,None,325,319,4,8,0,2,4,0
2064,NC East,3,7,6,10,0,None,279,349,5,7,0,4,2,0
2064,NC East,4,18,5,11,0,None,336,342,4,8,0,3,3,0
2064,NC West,1,0,12,4,0,Won Division,441,329,10,2,0,6,0,0
2064,NC West,2,25,6,10,0,None,295,360,4,8,0,1,5,0
2064,NC West,3,24,5,11,0,None,256,353,5,7,0,4,2,0
2064,NC West,4,26,3,13,0,None,320,440,2,10,0,1,5,0
2063,AC North,1,6,12,4,0,Won Division,436,282,10,2,0,6,0,0
2063,AC North,2,2,12,4,0,Wild Card,339,286,9,3,0,4,2,0
2063,AC North,3,22,8,8,0,None,366,322,5,7,0,2,4,0
2063,AC North,4,30,4,12,0,None,225,383,2,10,0,0,6,0
2063,AC South,1,11,10,6,0,Won Division,363,304,8,4,0,3,3,0
2063,AC South,2,12,9,7,0,None,339,345,7,5,0,3,3,0
2063,AC South,3,28,7,9,0,None,381,419,6,6,0,4,2,0
2063,AC South,4,31,5,11,0,None,318,359,2,10,0,2,4,0
2063,AC East,1,3,10,6,0,Won Division,373,332,8,4,0,3,3,0
2063,AC East,2,19,9,7,0,None,387,298,7,5,0,4,2,0
2063,AC East,3,14,9,7,0,None,275,273,6,6,0,3,3,0
2063,AC East,4,16,5,11,0,None,231,331,3,9,0,2,4,0
2063,AC West,1,13,13,3,0,Won Division,431,329,10,2,0,5,1,0
2063,AC West,2,23,11,5,0,Wild Card,314,275,9,3,0,5,1,0
2063,AC West,3,20,4,12,0,None,231,362,3,9,0,2,4,0
2063,AC West,4,8,2,14,0,None,261,387,1,11,0,0,6,0
2063,NC North,1,10,14,2,0,Won Division,429,187,11,1,0,5,1,0
2063,NC North,2,15,9,7,0,None,308,292,6,6,0,4,2,0
2063,NC North,3,9,5,11,0,None,299,318,3,9,0,2,4,0
2063,NC North,4,5,4,12,0,None,254,473,3,9,0,1,5,0
2063,NC South,1,4,8,8,0,Won Division,378,403,5,7,0,3,3,0
2063,NC South,2,27,7,9,0,None,368,367,7,5,0,4,2,0
2063,NC South,3,17,7,9,0,None,328,424,4,8,0,3,3,0
2063,NC South,4,1,4,12,0,None,271,400,2,10,0,2,4,0
2063,NC East,1,7,12,4,0,Won Division,385,247,10,2,0,4,2,0
2063,NC East,2,21,10,6,0,Wild Card,352,313,8,4,0,5,1,0
2063,NC East,3,18,9,7,0,Wild Card,342,293,7,5,0,1,5,0
2063,NC East,4,29,5,11,0,None,334,378,4,8,0,2,4,0
2063,NC West,1,25,13,3,0,Won Division,463,308,11,1,0,6,0,0
2063,NC West,2,26,7,9,0,None,316,374,6,6,0,3,3,0
2063,NC West,3,24,7,9,0,None,362,333,4,8,0,1,5,0
2063,NC West,4,0,5,11,0,None,295,357,5,7,0,2,4,0
2062,AC North,1,6,9,7,0,Won Division,344,318,6,6,0,3,3,0
2062,AC North,2,22,8,8,0,None,311,379,6,6,0,4,2,0
2062,AC North,3,2,6,10,0,None,287,341,5,7,0,4,2,0
2062,AC North,4,30,4,12,0,None,269,343,3,9,0,1,5,0
2062,AC South,1,11,11,5,0,Won Division,364,305,9,3,0,5,1,0
2062,AC South,2,31,10,6,0,Wild Card,404,310,8,4,0,3,3,0
2062,AC South,3,28,7,9,0,None,363,298,5,7,0,2,4,0
2062,AC South,4,12,7,9,0,None,359,407,4,8,0,2,4,0
2062,AC East,1,14,10,5,1,Won Division,391,304,8,4,0,5,1,0
2062,AC East,2,19,10,6,0,Wild Card,396,258,7,5,0,3,3,0
2062,AC East,3,16,7,9,0,None,307,378,5,7,0,2,4,0
2062,AC East,4,3,7,9,0,None,294,356,6,6,0,2,4,0
2062,AC West,1,20,11,5,0,Won Division,351,306,8,4,0,4,2,0
2062,AC West,2,23,10,6,0,None,329,286,7,5,0,4,2,0
2062,AC West,3,13,9,7,0,None,367,325,7,5,0,4,2,0
2062,AC West,4,8,4,12,0,None,245,390,2,10,0,0,6,0
2062,NC North,1,10,11,5,0,Won Division,360,266,10,2,0,6,0,0
2062,NC North,2,5,5,9,2,None,325,356,4,7,1,2,3,1
2062,NC North,3,15,5,10,1,None,260,318,3,8,1,3,2,1
2062,NC North,4,9,5,11,0,None,275,374,2,10,0,0,6,0
2062,NC South,1,1,11,5,0,Won Division,338,281,7,5,0,3,3,0
2062,NC South,2,17,10,6,0,Wild Card,342,231,9,3,0,5,1,0
2062,NC South,3,4,7,9,0,None,351,381,5,7,0,2,4,0
2062,NC South,4,27,7,9,0,None,280,360,5,7,0,2,4,0
2062,NC East,1,21,13,3,0,Won Division,399,286,9,3,0,5,1,0
2062,NC East,2,18,8,8,0,Wild Card,414,369,6,6,0,3,3,0
2062,NC East,3,29,7,9,0,None,345,391,6,6,0,2,4,0
2062,NC East,4,7,5,11,0,None,246,352,5,7,0,2,4,0
2062,NC West,1,0,11,5,0,Won Division,343,305,9,3,0,6,0,0
2062,NC West,2,26,8,8,0,None,360,303,6,6,0,3,3,0
2062,NC West,3,25,6,10,0,None,290,338,4,8,0,2,4,0
2062,NC West,4,24,5,11,0,None,323,417,5,7,0,1,5,0
2061,AC North,1,6,11,5,0,Won Division,366,294,8,4,0,3,3,0
2061,AC North,2,22,10,6,0,Wild Card,345,289,8,4,0,5,1,0
2061,AC North,3,30,6,9,1,None,328,348,4,7,1,2,3,1
2061,AC North,4,2,4,11,1,None,295,391,2,9,1,1,4,1
2061,AC South,1,12,10,6,0,Won Division,359,345,7,5,0,4,2,0
2061,AC South,2,11,9,7,0,None,392,300,6,6,0,2,4,0
2061,AC South,3,31,8,8,0,None,362,342,6,6,0,4,2,0
2061,AC South,4,28,6,10,0,None,359,380,5,7,0,2,4,0
2061,AC East,1,19,10,6,0,Won Division,375,302,8,4,0,4,2,0
2061,AC East,2,14,9,7,0,None,368,290,7,5,0,2,4,0
2061,AC East,3,16,7,9,0,None,241,365,6,6,0,3,3,0
2061,AC East,4,3,7,9,0,None,276,292,5,7,0,3,3,0
2061,AC West,1,20,11,5,0,Won Division,377,273,8,4,0,4,2,0
2061,AC West,2,13,10,6,0,Wild Card,380,315,8,4,0,5,1,0
2061,AC West,3,8,7,9,0,None,302,371,4,8,0,2,4,0
2061,AC West,4,23,4,12,0,None,266,345,3,9,0,1,5,0
2061,NC North,1,9,12,4,0,Won Division,403,315,9,3,0,5,1,0
2061,NC North,2,10,7,9,0,None,323,299,6,6,0,4,2,0
2061,NC North,3,15,7,9,0,None,277,326,5,7,0,2,4,0
2061,NC North,4,5,3,13,0,None,254,456,2,10,0,1,5,0
2061,NC South,1,4,10,6,0,Won Division,356,305,8,4,0,3,3,0
2061,NC South,2,27,9,7,0,Wild Card,319,260,6,6,0,3,3,0
2061,NC South,3,1,6,10,0,None,331,403,5,7,0,4,2,0
2061,NC South,4,17,6,10,0,None,298,338,3,9,0,2,4,0
2061,NC East,1,21,11,5,0,Won Division,385,307,8,4,0,4,2,0
2061,NC East,2,18,9,7,0,Wild Card,315,307,7,5,0,4,2,0
2061,NC East,3,29,9,7,0,None,360,336,8,4,0,2,4,0
2061,NC East,4,7,6,10,0,None,305,338,5,7,0,2,4,0
2061,NC West,1,0,11,5,0,Won Division,341,255,9,3,0,6,0,0
2061,NC West,2,24,8,8,0,None,288,291,7,5,0,3,3,0
2061,NC West,3,26,8,8,0,None,325,321,6,6,0,2,4,0
2061,NC West,4,25,4,12,0,None,290,462,2,10,0,1,5,0
2060,AC North,1,2,9,7,0,Won Division,377,326,7,5,0,4,2,0
2060,AC North,2,22,8,8,0,None,306,298,7,5,0,4,2,0
2060,AC North,3,6,6,10,0,None,336,386,4,8,0,2,4,0
2060,AC North,4,30,4,12,0,None,263,355,3,9,0,2,4,0
2060,AC South,1,11,13,3,0,Won Division,414,256,11,1,0,5,1,0
2060,AC South,2,31,9,6,1,Wild Card,338,284,6,5,1,3,3,0
2060,AC South,3,28,9,7,0,Wild Card,420,332,6,6,0,4,2,0
2060,AC South,4,12,3,13,0,None,288,386,1,11,0,0,6,0
2060,AC East,1,14,10,6,0,Won Division,349,256,7,5,0,4,2,0
2060,AC East,2,16,8,7,1,None,328,338,6,5,1,2,4,0
2060,AC East,3,3,8,8,0,None,266,362,6,6,0,3,3,0
2060,AC East,4,19,6,10,0,None,292,389,6,6,0,3,3,0
2060,AC West,1,23,10,6,0,Won Division,403,320,8,4,0,4,2,0
2060,AC West,2,13,9,7,0,None,365,294,6,6,0,3,3,0
2060,AC West,3,20,7,9,0,None,300,352,5,7,0,3,3,0
2060,AC West,4,8,7,9,0,None,269,319,6,6,0,2,4,0
2060,NC North,1,9,9,7,0,Won Division,299,309,8,4,0,4,2,0
2060,NC North,2,15,8,8,0,None,312,336,6,6,0,4,2,0
2060,NC North,3,10,7,9,0,None,269,330,6,6,0,3,3,0
2060,NC North,4,5,5,11,0,None,237,351,3,9,0,1,5,0
2060,NC South,1,1,10,6,0,Won Division,390,319,7,5,0,4,2,0
2060,NC South,2,17,9,6,1,Wild Card,345,377,7,4,1,5,1,0
2060,NC South,3,27,7,9,0,None,348,350,5,7,0,2,4,0
2060,NC South,4,4,6,10,0,None,327,310,5,7,0,1,5,0
2060,NC East,1,29,11,5,0,Won Division,429,323,7,5,0,3,3,0
2060,NC East,2,21,10,6,0,Wild Card,371,350,8,4,0,5,1,0
2060,NC East,3,18,8,8,0,None,298,359,7,5,0,3,3,0
2060,NC East,4,7,7,9,0,None,339,350,4,8,0,1,5,0
2060,NC West,1,25,11,5,0,Won Division,322,264,8,4,0,3,3,0
2060,NC West,2,0,8,8,0,None,329,327,6,6,0,4,2,0
2060,NC West,3,24,8,8,0,None,333,303,6,6,0,3,3,0
2060,NC West,4,26,4,11,1,None,297,348,2,9,1,2,4,0
2059,AC North,1,2,9,7,0,Won Division,357,306,7,5,0,5,1,0
2059,AC North,2,6,8,8,0,None,271,350,8,4,0,4,2,0
2059,AC North,3,22,5,11,0,None,260,357,3,9,0,2,4,0
2059,AC North,4,30,5,11,0,None,259,400,4,8,0,1,5,0
2059,AC South,1,12,9,7,0,Won Division,397,341,8,4,0,4,2,0
2059,AC South,2,11,9,7,0,Wild Card,345,316,6,6,0,2,4,0
2059,AC South,3,28,8,7,1,Wild Card,345,308,7,5,0,3,3,0
2059,AC South,4,31,8,8,0,None,354,367,7,5,0,3,3,0
2059,AC East,1,14,10,6,0,Won Division,359,246,8,4,0,5,1,0
2059,AC East,2,16,8,8,0,None,294,319,6,6,0,3,3,0
2059,AC East,3,3,7,9,0,None,261,339,6,6,0,4,2,0
2059,AC East,4,19,6,10,0,None,247,323,3,9,0,0,6,0
2059,AC West,1,13,12,4,0,Won Division,375,275,11,1,0,5,1,0
2059,AC West,2,20,8,8,0,None,304,264,5,7,0,4,2,0
2059,AC West,3,23,7,9,0,None,310,340,4,8,0,2,4,0
2059,AC West,4,8,4,12,0,None,212,329,3,9,0,1,5,0
2059,NC North,1,15,10,6,0,Won Division,385,324,7,5,0,4,2,0
2059,NC North,2,10,7,9,0,None,288,339,6,6,0,4,2,0
2059,NC North,3,9,7,9,0,None,313,278,5,7,0,2,4,0
2059,NC North,4,5,5,11,0,None,306,430,3,9,0,2,4,0
2059,NC South,1,4,13,3,0,Won Division,414,284,11,1,0,5,1,0
2059,NC South,2,1,10,5,1,Wild Card,349,307,7,5,0,5,1,0
2059,NC South,3,27,8,8,0,None,402,327,5,7,0,2,4,0
2059,NC South,4,17,3,13,0,None,223,315,2,10,0,0,6,0
2059,NC East,1,29,13,2,1,Won Division,481,316,9,2,1,5,1,0
2059,NC East,2,7,11,5,0,Wild Card,374,290,9,3,0,4,2,0
2059,NC East,3,21,9,7,0,None,387,348,7,5,0,2,4,0
2059,NC East,4,18,4,12,0,None,245,384,4,8,0,1,5,0
2059,NC West,1,0,9,7,0,Won Division,353,345,7,5,0,5,1,0
2059,NC West,2,24,8,7,1,None,384,319,4,7,1,3,3,0
2059,NC West,3,25,8,8,0,None,321,358,7,5,0,4,2,0
2059,NC West,4,26,6,10,0,None,324,355,2,10,0,0,6,0
2058,AC North,1,22,12,4,0,Won Division,359,276,10,2,0,5,1,0
2058,AC North,2,2,11,5,0,Wild Card,375,287,8,4,0,3,3,0
2058,AC North,3,6,10,6,0,Wild Card,363,279,8,4,0,3,3,0
2058,AC North,4,30,3,12,1,None,334,418,2,9,1,1,5,0
2058,AC South,1,12,11,3,2,Won Division,328,249,8,2,2,5,1,0
2058,AC South,2,28,10,6,0,None,382,352,7,5,0,4,2,0
2058,AC South,3,31,8,8,0,None,294,295,5,7,0,2,4,0
2058,AC South,4,11,6,10,0,None,282,346,4,8,0,1,5,0
2058,AC East,1,14,11,5,0,Won Division,343,249,8,4,0,4,2,0
2058,AC East,2,3,8,8,0,None,276,344,5,7,0,3,3,0
2058,AC East,3,16,6,10,0,None,318,308,4,8,0,2,4,0
2058,AC East,4,19,4,12,0,None,211,371,3,9,0,3,3,0
2058,AC West,1,20,8,7,1,Won Division,359,327,6,5,1,2,4,0
2058,AC West,2,13,7,9,0,None,298,348,6,6,0,3,3,0
2058,AC West,3,8,6,10,0,None,292,384,5,7,0,4,2,0
2058,AC West,4,23,6,10,0,None,324,351,5,7,0,3,3,0
2058,NC North,1,15,11,5,0,Won Division,362,271,8,4,0,4,2,0
2058,NC North,2,10,7,9,0,None,300,313,5,7,0,3,3,0
2058,NC North,3,5,5,10,1,None,288,395,5,6,1,3,3,0
2058,NC North,4,9,5,11,0,None,359,377,3,9,0,2,4,0
2058,NC South,1,4,11,4,1,Won Division,362,309,8,3,1,3,2,1
2058,NC South,2,27,10,6,0,Wild Card,402,339,8,4,0,4,2,0
2058,NC South,3,1,9,7,0,Wild Card,371,319,7,5,0,1,5,0
2058,NC South,4,17,7,8,1,None,356,364,6,5,1,3,2,1
2058,NC East,1,21,10,6,0,Won Division,389,287,9,3,0,6,0,0
2058,NC East,2,7,9,7,0,None,292,313,6,6,0,2,4,0
2058,NC East,3,29,7,8,1,None,346,307,6,5,1,3,3,0
2058,NC East,4,18,2,14,0,None,177,364,2,10,0,1,5,0
2058,NC West,1,0,9,7,0,Won Division,392,353,6,6,0,4,2,0
2058,NC West,2,24,9,7,0,None,315,340,7,5,0,4,2,0
2058,NC West,3,26,8,8,0,None,330,348,5,7,0,3,3,0
2058,NC West,4,25,6,10,0,None,376,372,3,9,0,1,5,0
2057,AC North,1,6,10,5,1,Won Division,363,281,7,4,1,2,4,0
2057,AC North,2,2,10,6,0,Wild Card,355,290,7,5,0,5,1,0
2057,AC North,3,30,9,7,0,None,342,331,6,6,0,3,3,0
2057,AC North,4,22,5,11,0,None,268,333,3,9,0,2,4,0
2057,AC South,1,28,11,5,0,Won Division,388,291,9,3,0,4,2,0
2057,AC South,2,31,9,6,1,None,309,305,6,5,1,3,3,0
2057,AC South,3,12,6,10,0,None,301,368,5,7,0,3,3,0
2057,AC South,4,11,5,11,0,None,219,302,4,8,0,2,4,0
2057,AC East,1,14,12,4,0,Won Division,354,222,10,2,0,4,2,0
2057,AC East,2,3,10,6,0,Wild Card,293,287,7,5,0,5,1,0
2057,AC East,3,19,5,11,0,None,244,310,4,8,0,2,4,0
2057,AC East,4,16,4,12,0,None,245,348,4,8,0,1,5,0
2057,AC West,1,20,11,5,0,Won Division,337,318,8,4,0,5,1,0
2057,AC West,2,23,9,7,0,None,296,277,7,5,0,4,2,0
2057,AC West,3,13,7,9,0,None,329,337,5,7,0,2,4,0
2057,AC West,4,8,6,10,0,None,271,331,3,9,0,1,5,0
2057,NC North,1,10,12,4,0,Won Division,382,214,11,1,0,5,1,0
2057,NC North,2,9,7,9,0,None,400,388,6,6,0,4,2,0
2057,NC North,3,15,5,11,0,None,334,408,4,8,0,2,4,0
2057,NC North,4,5,5,11,0,None,284,351,3,9,0,1,5,0
2057,NC South,1,17,10,6,0,Won Division,372,321,6,6,0,3,3,0
2057,NC South,2,1,8,7,1,None,324,310,6,5,1,4,2,0
2057,NC South,3,27,7,9,0,None,370,407,6,6,0,4,2,0
2057,NC South,4,4,7,9,0,None,286,311,4,8,0,1,5,0
2057,NC East,1,7,13,3,0,Won Division,377,275,10,2,0,4,2,0
2057,NC East,2,29,12,4,0,Wild Card,371,305,10,2,0,5,1,0
2057,NC East,3,21,4,11,1,None,291,327,3,8,1,1,4,1
2057,NC East,4,18,3,12,1,None,241,340,3,8,1,1,4,1
2057,NC West,1,25,11,5,0,Won Division,387,326,8,4,0,5,1,0
2057,NC West,2,26,9,7,0,Wild Card,365,312,5,7,0,2,4,0
2057,NC West,3,24,7,8,1,None,334,360,5,6,1,3,3,0
2057,NC West,4,0,4,12,0,None,213,359,4,8,0,2,4,0
2056,AC North,1,22,12,4,0,Won Division,418,255,10,2,0,6,0,0
2056,AC North,2,2,8,8,0,None,318,332,6,6,0,3,3,0
2056,AC North,3,30,8,8,0,None,388,364,5,7,0,1,5,0
2056,AC North,4,6,6,10,0,None,262,391,4,8,0,2,4,0
2056,AC South,1,28,12,4,0,Won Division,419,306,9,3,0,5,1,0
2056,AC South,2,11,10,6,0,Wild Card,365,301,8,4,0,4,2,0
2056,AC South,3,12,9,7,0,Wild Card,286,288,5,7,0,2,4,0
2056,AC South,4,31,6,10,0,None,302,355,5,7,0,1,5,0
2056,AC East,1,3,11,5,0,Won Division,348,259,8,4,0,3,3,0
2056,AC East,2,14,7,9,0,None,316,265,6,6,0,3,3,0
2056,AC East,3,16,7,9,0,None,243,346,5,7,0,3,3,0
2056,AC East,4,19,5,11,0,None,278,334,4,8,0,3,3,0
2056,AC West,1,8,9,7,0,Won Division,318,364,7,5,0,4,2,0
2056,AC West,2,23,7,9,0,None,267,316,6,6,0,4,2,0
2056,AC West,3,20,7,9,0,None,289,314,5,7,0,2,4,0
2056,AC West,4,13,5,11,0,None,262,288,3,9,0,2,4,0
2056,NC North,1,5,8,8,0,Won Division,321,298,5,7,0,4,2,0
2056,NC North,2,9,8,8,0,None,322,316,8,4,0,4,2,0
2056,NC North,3,10,6,10,0,None,276,345,4,8,0,3,3,0
2056,NC North,4,15,4,12,0,None,287,330,3,9,0,1,5,0
2056,NC South,1,17,11,5,0,Won Division,387,300,9,3,0,4,2,0
2056,NC South,2,27,11,5,0,Wild Card,401,345,8,4,0,2,4,0
2056,NC South,3,4,8,8,0,None,332,317,5,7,0,5,1,0
2056,NC South,4,1,6,10,0,None,239,273,5,7,0,1,5,0
2056,NC East,1,7,9,7,0,Won Division,348,351,6,6,0,3,3,0
2056,NC East,2,29,8,8,0,None,357,323,7,5,0,3,3,0
2056,NC East,3,21,8,8,0,None,357,289,6,6,0,2,4,0
2056,NC East,4,18,7,9,0,None,264,319,6,6,0,4,2,0
2056,NC West,1,26,9,7,0,Won Division,319,300,7,5,0,4,2,0
2056,NC West,2,0,9,7,0,Wild Card,274,313,7,5,0,3,3,0
2056,NC West,3,25,8,8,0,None,302,342,7,5,0,5,1,0
2056,NC West,4,24,7,9,0,None,318,344,3,9,0,0,6,0
2055,AC North,1,30,12,4,0,Won Division,445,324,9,3,0,4,2,0
2055,AC North,2,22,10,6,0,Wild Card,371,292,7,5,0,3,3,0
2055,AC North,3,2,9,7,0,Wild Card,361,306,7,5,0,5,1,0
2055,AC North,4,6,4,12,0,None,209,345,3,9,0,0,6,0
2055,AC South,1,11,11,5,0,Won Division,384,306,8,4,0,4,2,0
2055,AC South,2,31,9,7,0,None,278,267,6,6,0,3,3,0
2055,AC South,3,28,8,8,0,None,299,363,7,5,0,3,3,0
2055,AC South,4,12,7,9,0,None,300,281,5,7,0,2,4,0
2055,AC East,1,19,9,7,0,Won Division,342,334,8,4,0,4,2,0
2055,AC East,2,14,8,8,0,None,308,278,5,7,0,4,2,0
2055,AC East,3,16,8,8,0,None,326,316,6,6,0,2,4,0
2055,AC East,4,3,5,11,0,None,261,369,4,8,0,2,4,0
2055,AC West,1,20,10,6,0,Won Division,367,335,8,4,0,5,1,0
2055,AC West,2,23,6,10,0,None,274,326,5,7,0,3,3,0
2055,AC West,3,8,6,10,0,None,348,352,4,8,0,2,4,0
2055,AC West,4,13,6,10,0,None,294,376,4,8,0,2,4,0
2055,NC North,1,10,12,3,1,Won Division,422,312,9,2,1,4,1,1
2055,NC North,2,9,11,5,0,Wild Card,324,238,8,4,0,4,2,0
2055,NC North,3,15,5,11,0,None,304,335,4,8,0,2,4,0
2055,NC North,4,5,4,11,1,None,272,369,2,9,1,1,4,1
2055,NC South,1,27,10,6,0,Won Division,312,287,8,4,0,4,2,0
2055,NC South,2,17,10,6,0,Wild Card,337,263,8,4,0,3,3,0
2055,NC South,3,1,8,7,1,None,314,304,6,5,1,4,2,0
2055,NC South,4,4,4,12,0,None,239,354,3,9,0,1,5,0
2055,NC East,1,7,9,7,0,Won Division,366,324,6,6,0,3,3,0
2055,NC East,2,21,8,8,0,None,292,293,6,6,0,3,3,0
2055,NC East,3,29,8,8,0,None,301,328,5,7,0,3,3,0
2055,NC East,4,18,6,9,1,None,257,344,5,6,1,3,3,0
2055,NC West,1,24,9,7,0,Won Division,376,338,7,5,0,4,2,0
2055,NC West,2,26,9,7,0,None,356,310,7,5,0,4,2,0
2055,NC West,3,25,7,9,0,None,344,354,5,7,0,3,3,0
2055,NC West,4,0,6,10,0,None,317,377,5,7,0,1,5,0
2054,AC North,1,22,11,5,0,Won Division,373,305,8,4,0,4,2,0
2054,AC North,2,2,10,6,0,Wild Card,392,287,8,4,0,4,2,0
2054,AC North,3,30,9,7,0,None,352,327,7,5,0,4,2,0
2054,AC North,4,6,3,13,0,None,194,322,2,10,0,0,6,0
2054,AC South,1,11,9,7,0,Won Division,263,256,7,5,0,5,1,0
2054,AC South,2,28,8,8,0,None,374,280,6,6,0,4,2,0
2054,AC South,3,31,7,9,0,None,303,355,6,6,0,2,4,0
2054,AC South,4,12,7,9,0,None,266,305,5,7,0,1,5,0
2054,AC East,1,16,10,6,0,Won Division,363,322,8,4,0,4,2,0
2054,AC East,2,19,7,9,0,None,341,350,4,8,0,2,4,0
2054,AC East,3,3,6,10,0,None,274,351,5,7,0,4,2,0
2054,AC East,4,14,6,10,0,None,250,329,5,7,0,2,4,0
2054,AC West,1,20,11,5,0,Won Division,366,299,8,4,0,5,1,0
2054,AC West,2,8,9,6,1,Wild Card,343,348,8,3,1,3,2,1
2054,AC West,3,13,8,8,0,None,341,326,6,6,0,3,3,0
2054,AC West,4,23,3,12,1,None,259,354,2,9,1,0,5,1
2054,NC North,1,9,13,3,0,Won Division,412,299,10,2,0,4,2,0
2054,NC North,2,15,9,7,0,None,363,317,6,6,0,4,2,0
2054,NC North,3,5,8,8,0,None,313,276,7,5,0,3,3,0
2054,NC North,4,10,4,11,1,None,267,377,2,9,1,1,5,0
2054,NC South,1,27,11,5,0,Won Division,397,299,9,3,0,3,3,0
2054,NC South,2,4,9,7,0,Wild Card,364,357,7,5,0,5,1,0
2054,NC South,3,17,7,9,0,None,380,374,5,7,0,2,4,0
2054,NC South,4,1,7,9,0,None,294,362,5,7,0,2,4,0
2054,NC East,1,21,12,4,0,Won Division,411,247,8,4,0,3,3,0
2054,NC East,2,7,9,7,0,Wild Card,358,316,8,4,0,4,2,0
2054,NC East,3,29,7,9,0,None,326,345,5,7,0,3,3,0
2054,NC East,4,18,5,11,0,None,267,360,3,9,0,2,4,0
2054,NC West,1,24,11,5,0,Won Division,412,316,7,5,0,4,2,0
2054,NC West,2,25,6,9,1,None,286,369,4,7,1,3,3,0
2054,NC West,3,26,6,10,0,None,333,368,5,7,0,4,2,0
2054,NC West,4,0,6,10,0,None,241,380,4,8,0,1,5,0
2053,AC North,1,22,11,5,0,Won Division,384,253,9,3,0,5,1,0
2053,AC North,2,6,11,5,0,Wild Card,269,247,8,4,0,3,3,0
2053,AC North,3,30,10,6,0,Wild Card,364,332,7,5,0,2,4,0
2053,AC North,4,2,9,7,0,None,364,277,5,7,0,2,4,0
2053,AC South,1,11,10,5,1,Won Division,336,273,7,4,1,4,1,1
2053,AC South,2,12,6,10,0,None,283,334,3,9,0,2,4,0
2053,AC South,3,28,5,10,1,None,244,310,2,9,1,1,4,1
2053,AC South,4,31,5,11,0,None,256,363,5,7,0,4,2,0
2053,AC East,1,19,10,6,0,Won Division,361,335,8,4,0,4,2,0
2053,AC East,2,14,7,9,0,None,300,330,6,6,0,3,3,0
2053,AC East,3,16,7,9,0,None,325,291,5,7,0,3,3,0
2053,AC East,4,3,4,11,1,None,244,300,3,9,0,2,4,0
2053,AC West,1,20,10,6,0,Won Division,328,329,8,4,0,4,2,0
2053,AC West,2,13,8,7,1,None,325,279,6,6,0,2,4,0
2053,AC West,3,8,8,8,0,None,350,336,7,5,0,4,2,0
2053,AC West,4,23,7,9,0,None,284,313,6,6,0,2,4,0
2053,NC North,1,9,9,7,0,Won Division,357,317,6,6,0,2,4,0
2053,NC North,2,15,7,9,0,None,310,358,6,6,0,5,1,0
2053,NC North,3,5,5,11,0,None,312,413,5,7,0,4,2,0
2053,NC North,4,10,4,12,0,None,207,399,4,8,0,1,5,0
2053,NC South,1,17,12,3,1,Won Division,443,215,11,1,0,5,1,0
2053,NC South,2,27,10,6,0,Wild Card,376,294,7,5,0,3,3,0
2053,NC South,3,1,10,6,0,Wild Card,304,290,6,6,0,3,3,0
2053,NC South,4,4,5,11,0,None,259,378,4,8,0,1,5,0
2053,NC East,1,29,13,3,0,Won Division,370,267,10,2,0,5,1,0
2053,NC East,2,21,9,7,0,None,363,325,8,4,0,4,2,0
2053,NC East,3,7,8,7,1,None,367,323,5,7,0,1,5,0
2053,NC East,4,18,6,10,0,None,261,305,4,8,0,2,4,0
2053,NC West,1,26,8,7,1,Won Division,328,361,5,6,1,3,2,1
2053,NC West,2,25,7,9,0,None,296,305,5,7,0,3,3,0
2053,NC West,3,24,6,10,0,None,265,321,5,7,0,3,3,0
2053,NC West,4,0,5,10,1,None,266,328,4,7,1,2,3,1
2052,AC North,1,2,10,6,0,Won Division,321,267,9,3,0,4,2,0
2052,AC North,2,22,8,8,0,None,333,336,7,5,0,4,2,0
2052,AC North,3,6,6,10,0,None,305,311,4,8,0,3,3,0
2052,AC North,4,30,5,11,0,None,350,418,4,8,0,1,5,0
2052,AC South,1,12,10,6,0,Won Division,359,298,7,5,0,5,1,0
2052,AC South,2,31,9,7,0,None,342,329,6,6,0,2,4,0
2052,AC South,3,28,7,9,0,None,279,341,6,6,0,2,4,0
2052,AC South,4,11,6,10,0,None,315,308,5,7,0,3,3,0
2052,AC East,1,14,11,5,0,Won Division,339,267,9,3,0,4,2,0
2052,AC East,2,19,9,7,0,Wild Card,365,302,8,4,0,3,3,0
2052,AC East,3,16,6,10,0,None,253,329,4,8,0,2,4,0
2052,AC East,4,3,5,11,0,None,291,381,3,9,0,3,3,0
2052,AC West,1,20,11,5,0,Won Division,325,324,9,3,0,5,1,0
2052,AC West,2,8,10,6,0,Wild Card,372,285,9,3,0,5,1,0
2052,AC West,3,23,5,11,0,None,243,279,4,8,0,2,4,0
2052,AC West,4,13,4,12,0,None,242,376,2,10,0,0,6,0
2052,NC North,1,9,8,8,0,Won Division,269,331,6,6,0,3,3,0
2052,NC North,2,5,8,8,0,None,341,296,6,6,0,4,2,0
2052,NC North,3,10,7,8,1,None,306,326,4,7,1,3,3,0
2052,NC North,4,15,6,9,1,None,269,266,5,6,1,2,4,0
2052,NC South,1,4,12,4,0,Won Division,376,313,9,3,0,5,1,0
2052,NC South,2,1,12,4,0,Wild Card,346,312,9,3,0,4,2,0
2052,NC South,3,27,10,6,0,None,402,352,6,6,0,2,4,0
2052,NC South,4,17,2,14,0,None,248,351,2,10,0,1,5,0
2052,NC East,1,7,13,3,0,Won Division,421,276,10,2,0,6,0,0
2052,NC East,2,21,10,6,0,None,399,250,7,5,0,2,4,0
2052,NC East,3,29,6,8,2,None,331,375,5,5,2,3,3,0
2052,NC East,4,18,6,10,0,None,265,383,2,10,0,1,5,0
2052,NC West,1,26,10,6,0,Won Division,333,309,7,5,0,4,2,0
2052,NC West,2,25,10,6,0,Wild Card,288,238,7,5,0,4,2,0
2052,NC West,3,24,8,8,0,None,342,339,7,5,0,3,3,0
2052,NC West,4,0,4,12,0,None,242,344,2,10,0,1,5,0
2051,AC North,1,2,10,6,0,Won Division,331,208,7,5,0,4,2,0
2051,AC North,2,22,8,8,0,Wild Card,285,332,6,6,0,3,3,0
2051,AC North,3,6,7,9,0,None,245,323,6,6,0,3,3,0
2051,AC North,4,30,6,10,0,None,253,344,3,9,0,2,4,0
2051,AC South,1,12,13,3,0,Won Division,346,261,10,2,0,5,1,0
2051,AC South,2,11,8,8,0,None,306,352,6,6,0,3,3,0
2051,AC South,3,31,7,9,0,None,302,282,4,8,0,3,3,0
2051,AC South,4,28,5,11,0,None,260,307,3,9,0,1,5,0
2051,AC East,1,19,13,3,0,Won Division,345,176,10,2,0,5,1,0
2051,AC East,2,16,8,8,0,None,331,296,6,6,0,4,2,0
2051,AC East,3,3,6,10,0,None,272,277,4,8,0,1,5,0
2051,AC East,4,14,3,13,0,None,226,375,3,9,0,2,4,0
2051,AC West,1,20,12,4,0,Won Division,306,278,9,3,0,5,1,0
2051,AC West,2,8,9,7,0,Wild Card,278,312,7,5,0,2,4,0
2051,AC West,3,23,8,8,0,None,281,260,6,6,0,2,4,0
2051,AC West,4,13,7,9,0,None,284,278,6,6,0,3,3,0
2051,NC North,1,5,11,5,0,Won Division,376,245,9,3,0,4,2,0
2051,NC North,2,15,9,7,0,Wild Card,262,277,6,6,0,3,3,0
2051,NC North,3,10,7,9,0,None,288,320,5,7,0,3,3,0
2051,NC North,4,9,4,12,0,None,233,337,3,9,0,2,4,0
2051,NC South,1,4,11,5,0,Won Division,430,299,9,3,0,4,2,0
2051,NC South,2,1,7,8,1,None,316,302,5,6,1,3,2,1
2051,NC South,3,27,7,8,1,None,366,350,6,5,1,3,2,1
2051,NC South,4,17,5,11,0,None,351,440,4,8,0,1,5,0
2051,NC East,1,29,10,6,0,Won Division,310,307,8,4,0,4,2,0
2051,NC East,2,7,9,7,0,Wild Card,368,295,6,6,0,2,4,0
2051,NC East,3,18,9,7,0,None,298,313,6,6,0,3,3,0
2051,NC East,4,21,5,11,0,None,278,387,4,8,0,3,3,0
2051,NC West,1,24,12,4,0,Won Division,417,234,9,3,0,3,3,0
2051,NC West,2,26,8,8,0,None,338,362,7,5,0,5,1,0
2051,NC West,3,25,7,9,0,None,290,299,6,6,0,3,3,0
2051,NC West,4,0,4,12,0,None,280,424,2,10,0,1,5,0
2050,AC North,1,6,8,8,0,Won Division,330,329,6,6,0,3,3,0
2050,AC North,2,22,7,9,0,None,377,367,5,7,0,4,2,0
2050,AC North,3,2,7,9,0,None,357,353,5,7,0,4,2,0
2050,AC North,4,30,4,12,0,None,264,401,2,10,0,1,5,0
2050,AC South,1,12,14,2,0,Won Division,407,233,10,2,0,4,2,0
2050,AC South,2,28,10,6,0,Wild Card,368,328,6,6,0,2,4,0
2050,AC South,3,31,8,8,0,None,331,339,6,6,0,2,4,0
2050,AC South,4,11,7,9,0,None,321,366,5,7,0,4,2,0
2050,AC East,1,19,10,6,0,Won Division,348,289,8,4,0,5,1,0
2050,AC East,2,3,9,7,0,Wild Card,274,277,7,5,0,3,3,0
2050,AC East,3,16,9,7,0,None,398,336,6,6,0,2,4,0
2050,AC East,4,14,9,7,0,None,318,313,6,6,0,2,4,0
2050,AC West,1,13,9,6,1,Won Division,309,359,7,4,1,3,2,1
2050,AC West,2,8,9,7,0,None,377,338,6,6,0,3,3,0
2050,AC West,3,20,7,8,1,None,284,290,4,7,1,2,3,1
2050,AC West,4,23,7,9,0,None,309,316,6,6,0,3,3,0
2050,NC North,1,15,10,6,0,Won Division,323,276,9,3,0,6,0,0
2050,NC North,2,9,8,8,0,None,329,301,5,7,0,1,5,0
2050,NC North,3,10,7,9,0,None,263,332,6,6,0,3,3,0
2050,NC North,4,5,5,11,0,None,334,317,4,8,0,2,4,0
2050,NC South,1,4,9,7,0,Won Division,364,314,7,5,0,3,3,0
2050,NC South,2,1,9,7,0,Wild Card,327,312,7,5,0,3,3,0
2050,NC South,3,27,9,7,0,None,289,276,7,5,0,3,3,0
2050,NC South,4,17,7,9,0,None,281,371,5,7,0,3,3,0
2050,NC East,1,29,10,6,0,Won Division,354,336,8,4,0,5,1,0
2050,NC East,2,7,9,7,0,Wild Card,343,299,8,4,0,4,2,0
2050,NC East,3,18,6,10,0,None,297,318,5,7,0,3,3,0
2050,NC East,4,21,1,15,0,None,228,409,1,11,0,0,6,0
2050,NC West,1,25,8,8,0,Won Division,333,322,5,7,0,3,3,0
2050,NC West,2,26,8,8,0,None,279,315,7,5,0,4,2,0
2050,NC West,3,0,8,8,0,None,346,335,7,5,0,3,3,0
2050,NC West,4,24,7,9,0,None,360,355,5,7,0,2,4,0
2049,AC North,1,22,10,6,0,Won Division,350,319,7,5,0,3,3,0
2049,AC North,2,30,8,7,1,None,368,384,6,5,1,3,3,0
2049,AC North,3,2,8,8,0,None,318,296,6,6,0,3,3,0
2049,AC North,4,6,8,8,0,None,296,314,6,6,0,3,3,0
2049,AC South,1,31,11,5,0,Won Division,404,354,9,3,0,5,1,0
2049,AC South,2,11,9,7,0,Wild Card,403,330,7,5,0,3,3,0
2049,AC South,3,28,7,9,0,None,290,386,6,6,0,3,3,0
2049,AC South,4,12,7,9,0,None,312,351,5,7,0,1,5,0
2049,AC East,1,3,9,6,1,Won Division,342,345,6,5,1,3,3,0
2049,AC East,2,14,9,7,0,None,381,313,6,6,0,5,1,0
2049,AC East,3,19,7,9,0,None,360,322,6,6,0,3,3,0
2049,AC East,4,16,5,11,0,None,358,404,2,10,0,1,5,0
2049,AC West,1,13,12,4,0,Won Division,397,301,9,3,0,5,1,0
2049,AC West,2,20,9,7,0,Wild Card,366,360,8,4,0,3,3,0
2049,AC West,3,23,6,10,0,None,262,338,3,9,0,1,5,0
2049,AC West,4,8,5,11,0,None,257,306,3,9,0,3,3,0
2049,NC North,1,10,10,6,0,Won Division,334,280,8,4,0,4,2,0
2049,NC North,2,15,10,6,0,Wild Card,370,318,7,5,0,3,3,0
2049,NC North,3,5,8,8,0,None,291,344,7,5,0,4,2,0
2049,NC North,4,9,6,10,0,None,274,274,5,7,0,1,5,0
2049,NC South,1,17,9,7,0,Won Division,372,313,8,4,0,5,1,0
2049,NC South,2,4,8,8,0,None,338,327,5,7,0,2,4,0
2049,NC South,3,1,6,10,0,None,267,397,5,7,0,2,4,0
2049,NC South,4,27,6,10,0,None,255,298,5,7,0,3,3,0
2049,NC East,1,18,12,4,0,Won Division,404,309,10,2,0,5,1,0
2049,NC East,2,29,9,7,0,Wild Card,369,302,6,6,0,3,3,0
2049,NC East,3,7,8,8,0,None,377,337,7,5,0,4,2,0
2049,NC East,4,21,1,15,0,None,206,394,0,12,0,0,6,0
2049,NC West,1,24,13,3,0,Won Division,409,318,10,2,0,6,0,0
2049,NC West,2,0,8,8,0,None,293,282,6,6,0,4,2,0
2049,NC West,3,25,8,8,0,None,386,384,4,8,0,1,5,0
2049,NC West,4,26,3,13,0,None,258,367,3,9,0,1,5,0
2048,AC North,1,6,11,5,0,Won Division,316,270,9,3,0,5,1,0
2048,AC North,2,22,10,6,0,Wild Card,394,309,8,4,0,4,2,0
2048,AC North,3,2,6,10,0,None,254,340,5,7,0,2,4,0
2048,AC North,4,30,4,12,0,None,282,370,3,9,0,1,5,0
2048,AC South,1,12,11,5,0,Won Division,411,336,9,3,0,5,1,0
2048,AC South,2,31,7,9,0,None,266,303,6,6,0,4,2,0
2048,AC South,3,11,7,9,0,None,335,367,5,7,0,3,3,0
2048,AC South,4,28,3,13,0,None,268,344,1,11,0,0,6,0
2048,AC East,1,3,10,6,0,Won Division,366,304,9,3,0,5,1,0
2048,AC East,2,16,10,6,0,Wild Card,349,350,7,5,0,3,3,0
2048,AC East,3,19,9,7,0,None,403,359,6,6,0,3,3,0
2048,AC East,4,14,5,11,0,None,293,409,4,8,0,1,5,0
2048,AC West,1,8,9,7,0,Won Division,321,337,8,4,0,5,1,0
2048,AC West,2,20,7,9,0,None,329,319,6,6,0,3,3,0
2048,AC West,3,13,7,9,0,None,320,344,6,6,0,3,3,0
2048,AC West,4,23,4,12,0,None,254,357,4,8,0,1,5,0
2048,NC North,1,10,11,5,0,Won Division,350,296,10,2,0,5,1,0
2048,NC North,2,5,11,5,0,Wild Card,397,302,7,5,0,3,3,0
2048,NC North,3,15,7,9,0,None,306,317,4,8,0,1,5,0
2048,NC North,4,9,6,10,0,None,285,314,5,7,0,3,3,0
2048,NC South,1,4,12,4,0,Won Division,350,264,8,4,0,5,1,0
2048,NC South,2,27,9,7,0,None,384,328,6,6,0,5,1,0
2048,NC South,3,1,9,7,0,None,341,351,5,7,0,1,5,0
2048,NC South,4,17,5,11,0,None,314,386,3,9,0,1,5,0
2048,NC East,1,21,10,4,2,Won Division,324,277,8,2,2,4,1,1
2048,NC East,2,7,10,6,0,Wild Card,364,305,6,6,0,3,3,0
2048,NC East,3,29,8,7,1,None,280,262,6,5,1,3,2,1
2048,NC East,4,18,6,10,0,None,320,325,4,8,0,1,5,0
2048,NC West,1,0,9,6,1,Won Division,337,275,6,5,1,3,3,0
2048,NC West,2,24,9,7,0,None,300,273,7,5,0,5,1,0
2048,NC West,3,25,7,9,0,None,311,344,7,5,0,3,3,0
2048,NC West,4,26,5,11,0,None,278,365,2,10,0,1,5,0
2047,AC North,1,6,12,4,0,Won Division,456,288,9,3,0,4,2,0
2047,AC North,2,22,10,6,0,Wild Card,351,317,7,5,0,2,4,0
2047,AC North,3,30,9,7,0,Wild Card,381,354,6,6,0,4,2,0
2047,AC North,4,2,6,10,0,None,315,370,5,7,0,2,4,0
2047,AC South,1,11,12,4,0,Won Division,313,268,9,3,0,5,1,0
2047,AC South,2,12,8,8,0,None,320,335,6,6,0,4,2,0
2047,AC South,3,28,8,8,0,None,401,355,5,7,0,2,4,0
2047,AC South,4,31,5,11,0,None,289,361,3,9,0,1,5,0
2047,AC East,1,19,11,5,0,Won Division,401,318,8,4,0,6,0,0
2047,AC East,2,3,9,7,0,None,356,275,5,7,0,2,4,0
2047,AC East,3,16,8,7,1,None,346,311,5,6,1,3,3,0
2047,AC East,4,14,7,9,0,None,282,329,4,8,0,1,5,0
2047,AC West,1,13,11,5,0,Won Division,332,306,8,4,0,5,1,0
2047,AC West,2,8,8,7,1,None,406,348,5,6,1,3,3,0
2047,AC West,3,20,7,9,0,None,237,319,5,7,0,3,3,0
2047,AC West,4,23,6,10,0,None,305,385,5,7,0,1,5,0
2047,NC North,1,9,10,6,0,Won Division,353,304,8,4,0,4,2,0
2047,NC North,2,5,10,6,0,Wild Card,370,301,8,4,0,3,3,0
2047,NC North,3,15,9,7,0,Wild Card,388,319,7,5,0,4,2,0
2047,NC North,4,10,7,9,0,None,368,401,6,6,0,1,5,0
2047,NC South,1,1,7,9,0,Won Division,350,367,4,8,0,3,3,0
2047,NC South,2,27,6,10,0,None,316,368,6,6,0,4,2,0
2047,NC South,3,17,6,10,0,None,316,395,4,8,0,2,4,0
2047,NC South,4,4,5,11,0,None,309,350,4,8,0,3,3,0
2047,NC East,1,29,10,6,0,Won Division,312,297,9,3,0,5,1,0
2047,NC East,2,18,8,8,0,None,302,370,7,5,0,4,2,0
2047,NC East,3,21,8,8,0,None,286,328,7,5,0,3,3,0
2047,NC East,4,7,4,12,0,None,264,332,4,8,0,0,6,0
2047,NC West,1,25,9,7,0,Won Division,399,347,8,4,0,5,1,0
2047,NC West,2,26,7,9,0,None,349,358,4,8,0,3,3,0
2047,NC West,3,0,7,9,0,None,354,356,6,6,0,2,4,0
2047,NC West,4,24,5,11,0,None,303,398,4,8,0,2,4,0
2046,AC North,1,2,11,5,0,Won Division,418,317,7,5,0,3,3,0
2046,AC North,2,22,8,8,0,None,412,362,7,5,0,4,2,0
2046,AC North,3,6,8,8,0,None,331,305,6,6,0,3,3,0
2046,AC North,4,30,5,11,0,None,324,399,3,9,0,2,4,0
2046,AC South,1,11,10,6,0,Won Division,305,294,8,4,0,5,1,0
2046,AC South,2,12,10,6,0,Wild Card,335,300,8,4,0,3,3,0
2046,AC South,3,31,9,7,0,None,322,327,7,5,0,2,4,0
2046,AC South,4,28,6,10,0,None,303,355,4,8,0,2,4,0
2046,AC East,1,19,12,4,0,Won Division,418,278,9,3,0,4,2,0
2046,AC East,2,16,11,4,1,Wild Card,364,305,10,2,0,5,1,0
2046,AC East,3,3,8,8,0,None,422,381,4,8,0,2,4,0
2046,AC East,4,14,7,9,0,None,281,387,5,7,0,1,5,0
2046,AC West,1,20,8,8,0,Won Division,308,331,5,7,0,4,2,0
2046,AC West,2,8,7,9,0,None,314,349,5,7,0,3,3,0
2046,AC West,3,13,6,10,0,None,334,361,3,9,0,3,3,0
2046,AC West,4,23,6,10,0,None,285,357,5,7,0,2,4,0
2046,NC North,1,5,11,5,0,Won Division,310,291,9,3,0,5,1,0
2046,NC North,2,9,6,9,1,None,342,375,4,8,0,0,6,0
2046,NC North,3,15,5,11,0,None,322,336,5,7,0,4,2,0
2046,NC North,4,10,4,12,0,None,293,424,3,9,0,3,3,0
2046,NC South,1,4,9,7,0,Won Division,321,319,7,5,0,5,1,0
2046,NC South,2,27,9,7,0,Wild Card,324,326,8,4,0,4,2,0
2046,NC South,3,1,9,7,0,None,325,316,7,5,0,1,5,0
2046,NC South,4,17,7,9,0,None,367,346,5,7,0,2,4,0
2046,NC East,1,18,9,7,0,Won Division,331,298,6,6,0,3,3,0
2046,NC East,2,7,8,8,0,None,339,328,6,6,0,4,2,0
2046,NC East,3,21,8,8,0,None,309,293,6,6,0,3,3,0
2046,NC East,4,29,6,10,0,None,310,338,5,7,0,2,4,0
2046,NC West,1,24,10,6,0,Won Division,378,321,9,3,0,5,1,0
2046,NC West,2,0,10,6,0,Wild Card,362,307,7,5,0,3,3,0
2046,NC West,3,25,8,8,0,None,366,350,6,6,0,2,4,0
2046,NC West,4,26,4,12,0,None,237,336,3,9,0,2,4,0
2045,AC North,1,6,10,5,1,Won Division,347,321,7,5,0,4,2,0
2045,AC North,2,2,10,5,1,Wild Card,469,371,7,4,1,2,3,1
2045,AC North,3,22,7,8,1,None,386,303,5,6,1,2,3,1
2045,AC North,4,30,7,9,0,None,290,344,6,6,0,3,3,0
2045,AC South,1,12,11,5,0,Won Division,365,287,8,4,0,5,1,0
2045,AC South,2,11,7,9,0,None,390,321,6,6,0,3,3,0
2045,AC South,3,28,5,11,0,None,299,350,5,7,0,3,3,0
2045,AC South,4,31,3,13,0,None,270,375,2,10,0,1,5,0
2045,AC East,1,19,10,6,0,Won Division,362,323,6,6,0,4,2,0
2045,AC East,2,14,9,7,0,None,278,273,7,5,0,3,3,0
2045,AC East,3,16,7,9,0,None,305,332,5,7,0,3,3,0
2045,AC East,4,3,7,9,0,None,294,286,5,7,0,2,4,0
2045,AC West,1,13,12,4,0,Won Division,461,384,9,3,0,6,0,0
2045,AC West,2,23,9,7,0,Wild Card,347,385,7,5,0,3,3,0
2045,AC West,3,20,7,8,1,None,351,381,6,6,0,2,4,0
2045,AC West,4,8,6,10,0,None,306,392,4,8,0,1,5,0
2045,NC North,1,10,13,3,0,Won Division,424,302,10,2,0,5,1,0
2045,NC North,2,15,8,7,1,None,371,335,7,5,0,3,3,0
2045,NC North,3,5,7,9,0,None,347,342,6,6,0,2,4,0
2045,NC North,4,9,7,9,0,None,350,374,6,6,0,2,4,0
2045,NC South,1,17,10,6,0,Won Division,316,294,8,4,0,2,4,0
2045,NC South,2,27,9,7,0,Wild Card,291,288,7,5,0,5,1,0
2045,NC South,3,4,9,7,0,None,314,327,7,5,0,3,3,0
2045,NC South,4,1,3,13,0,None,279,389,3,9,0,2,4,0
2045,NC East,1,21,9,6,1,Won Division,331,289,6,6,0,3,3,0
2045,NC East,2,7,7,9,0,None,328,345,7,5,0,4,2,0
2045,NC East,3,29,6,10,0,None,339,381,5,7,0,4,2,0
2045,NC East,4,18,6,10,0,None,374,394,3,9,0,1,5,0
2045,NC West,1,24,11,5,0,Won Division,353,298,8,4,0,5,1,0
2045,NC West,2,0,10,6,0,Wild Card,349,319,6,6,0,2,4,0
2045,NC West,3,25,8,8,0,None,369,363,5,7,0,3,3,0
2045,NC West,4,26,3,13,0,None,202,389,2,10,0,2,4,0
2044,AC North,1,6,12,4,0,Won Division,382,319,8,4,0,3,3,0
2044,AC North,2,2,11,4,1,Wild Card,432,287,9,3,0,5,1,0
2044,AC North,3,22,9,7,0,None,354,357,6,6,0,3,3,0
2044,AC North,4,30,7,9,0,None,334,343,5,7,0,1,5,0
2044,AC South,1,28,10,6,0,Won Division,372,348,6,6,0,4,2,0
2044,AC South,2,11,8,7,1,None,373,367,6,6,0,4,2,0
2044,AC South,3,31,7,9,0,None,354,337,4,8,0,1,5,0
2044,AC South,4,12,4,12,0,None,297,387,3,9,0,3,3,0
2044,AC East,1,19,12,3,1,Won Division,452,296,10,2,0,4,2,0
2044,AC East,2,16,9,7,0,Wild Card,340,351,9,3,0,5,1,0
2044,AC East,3,14,4,12,0,None,228,393,3,9,0,2,4,0
2044,AC East,4,3,3,12,1,None,278,445,3,9,0,1,5,0
2044,AC West,1,20,10,6,0,Won Division,335,328,8,4,0,4,2,0
2044,AC West,2,8,9,7,0,None,353,357,6,6,0,4,2,0
2044,AC West,3,13,8,8,0,None,328,318,5,7,0,2,4,0
2044,AC West,4,23,8,8,0,None,308,289,5,7,0,2,4,0
2044,NC North,1,15,9,7,0,Won Division,356,285,7,5,0,4,2,0
2044,NC North,2,9,8,8,0,None,369,341,7,5,0,3,3,0
2044,NC North,3,10,5,10,1,None,309,398,4,8,0,3,3,0
2044,NC North,4,5,5,11,0,None,299,342,4,8,0,2,4,0
2044,NC South,1,1,10,6,0,Won Division,365,321,10,2,0,4,2,0
2044,NC South,2,4,8,8,0,None,373,310,6,6,0,4,2,0
2044,NC South,3,27,7,9,0,None,340,356,5,7,0,1,5,0
2044,NC South,4,17,6,10,0,None,304,406,5,7,0,3,3,0
2044,NC East,1,7,10,6,0,Won Division,388,308,8,4,0,4,2,0
2044,NC East,2,29,6,9,1,None,414,383,6,6,0,4,2,0
2044,NC East,3,21,6,10,0,None,311,358,4,8,0,3,3,0
2044,NC East,4,18,3,13,0,None,225,376,3,9,0,1,5,0
2044,NC West,1,0,11,5,0,Won Division,367,334,7,5,0,3,3,0
2044,NC West,2,25,10,5,1,Wild Card,327,265,7,5,0,4,2,0
2044,NC West,3,24,10,6,0,Wild Card,417,341,8,4,0,2,4,0
2044,NC West,4,26,7,8,1,None,316,354,5,7,0,3,3,0
2043,AC North,1,2,12,4,0,Won Division,394,235,9,3,0,4,2,0
2043,AC North,2,22,9,7,0,None,303,309,7,5,0,4,2,0
2043,AC North,3,6,6,10,0,None,329,348,4,8,0,3,3,0
2043,AC North,4,30,4,12,0,None,279,401,2,10,0,1,5,0
2043,AC South,1,12,9,7,0,Won Division,345,373,8,4,0,3,3,0
2043,AC South,2,28,9,7,0,None,286,291,6,6,0,3,3,0
2043,AC South,3,11,6,10,0,None,381,321,4,8,0,3,3,0
2043,AC South,4,31,3,12,1,None,251,396,3,9,0,3,3,0
2043,AC East,1,14,11,5,0,Won Division,301,246,7,5,0,3,3,0
2043,AC East,2,19,10,6,0,Wild Card,304,233,8,4,0,4,2,0
2043,AC East,3,3,7,9,0,None,282,322,5,7,0,3,3,0
2043,AC East,4,16,7,9,0,None,330,302,5,7,0,2,4,0
2043,AC West,1,23,13,3,0,Won Division,372,255,9,3,0,6,0,0
2043,AC West,2,20,9,7,0,Wild Card,291,302,7,5,0,2,4,0
2043,AC West,3,13,9,7,0,None,379,363,7,5,0,2,4,0
2043,AC West,4,8,6,10,0,None,296,373,5,7,0,2,4,0
2043,NC North,1,15,11,5,0,Won Division,364,267,9,3,0,4,2,0
2043,NC North,2,10,9,7,0,Wild Card,377,374,8,4,0,4,2,0
2043,NC North,3,9,7,9,0,None,313,289,5,7,0,2,4,0
2043,NC North,4,5,7,9,0,None,300,310,5,7,0,2,4,0
2043,NC South,1,4,13,3,0,Won Division,408,237,11,1,0,5,1,0
2043,NC South,2,27,8,8,0,None,271,320,5,7,0,1,5,0
2043,NC South,3,1,7,9,0,None,266,348,4,8,0,4,2,0
2043,NC South,4,17,4,11,1,None,255,309,3,9,0,2,4,0
2043,NC East,1,7,8,8,0,Won Division,282,261,6,6,0,4,2,0
2043,NC East,2,21,8,8,0,Wild Card,309,282,6,6,0,3,3,0
2043,NC East,3,29,7,9,0,None,303,321,5,7,0,3,3,0
2043,NC East,4,18,4,12,0,None,183,292,4,8,0,2,4,0
2043,NC West,1,0,11,5,0,Won Division,353,296,9,3,0,5,1,0
2043,NC West,2,24,8,8,0,None,308,322,6,6,0,2,4,0
2043,NC West,3,25,8,8,0,None,367,384,5,7,0,2,4,0
2043,NC West,4,26,5,11,0,None,292,392,5,7,0,3,3,0
2042,AC North,1,2,11,5,0,Won Division,406,322,8,4,0,3,3,0
2042,AC North,2,22,10,6,0,Wild Card,342,292,9,3,0,5,1,0
2042,AC North,3,6,6,9,1,None,310,275,4,8,0,3,3,0
2042,AC North,4,30,5,11,0,None,255,324,3,9,0,1,5,0
2042,AC South,1,11,11,5,0,Won Division,399,244,10,2,0,4,2,0
2042,AC South,2,12,10,5,1,Wild Card,302,268,7,4,1,4,2,0
2042,AC South,3,28,10,6,0,None,328,298,8,4,0,4,2,0
2042,AC South,4,31,7,9,0,None,330,355,5,7,0,0,6,0
2042,AC East,1,19,10,6,0,Won Division,314,307,7,5,0,5,1,0
2042,AC East,2,3,7,8,1,None,251,250,4,7,1,3,3,0
2042,AC East,3,14,7,9,0,None,243,289,5,7,0,2,4,0
2042,AC East,4,16,5,11,0,None,261,308,4,8,0,2,4,0
2042,AC West,1,20,9,7,0,Won Division,318,274,6,6,0,5,1,0
2042,AC West,2,23,7,9,0,None,259,283,6,6,0,3,3,0
2042,AC West,3,8,6,10,0,None,280,356,6,6,0,3,3,0
2042,AC West,4,13,5,11,0,None,278,386,3,9,0,1,5,0
2042,NC North,1,5,11,5,0,Won Division,336,266,9,3,0,5,1,0
2042,NC North,2,15,8,8,0,None,284,275,7,5,0,4,2,0
2042,NC North,3,9,7,9,0,None,249,299,4,8,0,2,4,0
2042,NC North,4,10,3,13,0,None,236,358,2,10,0,1,5,0
2042,NC South,1,27,9,6,1,Won Division,318,280,7,5,0,5,1,0
2042,NC South,2,17,8,8,0,None,298,320,6,6,0,2,4,0
2042,NC South,3,4,8,8,0,None,294,293,5,7,0,2,4,0
2042,NC South,4,1,7,9,0,None,277,279,7,5,0,3,3,0
2042,NC East,1,7,11,5,0,Won Division,366,273,8,4,0,5,1,0
2042,NC East,2,29,10,6,0,Wild Card,324,320,7,5,0,5,1,0
2042,NC East,3,21,6,10,0,None,327,374,5,7,0,2,4,0
2042,NC East,4,18,6,10,0,None,238,314,5,7,0,0,6,0
2042,NC West,1,26,11,5,0,Won Division,347,290,7,5,0,4,2,0
2042,NC West,2,25,10,6,0,Wild Card,372,312,8,4,0,5,1,0
2042,NC West,3,0,8,8,0,None,337,309,5,7,0,1,5,0
2042,NC West,4,24,5,11,0,None,274,360,4,8,0,2,4,0
2041,AC North,1,6,9,6,1,Won Division,347,269,7,4,1,4,2,0
2041,AC North,2,2,9,7,0,None,398,350,6,6,0,4,2,0
2041,AC North,3,22,6,10,0,None,297,324,3,9,0,3,3,0
2041,AC North,4,30,4,12,0,None,304,402,2,10,0,1,5,0
2041,AC South,1,12,10,6,0,Won Division,350,335,8,4,0,4,2,0
2041,AC South,2,31,9,6,1,Wild Card,401,363,8,3,1,4,2,0
2041,AC South,3,11,7,9,0,None,315,357,5,7,0,3,3,0
2041,AC South,4,28,6,10,0,None,295,342,4,8,0,1,5,0
2041,AC East,1,19,12,4,0,Won Division,344,314,8,4,0,4,2,0
2041,AC East,2,3,8,8,0,None,330,301,5,7,0,3,3,0
2041,AC East,3,14,8,8,0,None,288,344,7,5,0,3,3,0
2041,AC East,4,16,7,9,0,None,339,336,5,7,0,2,4,0
2041,AC West,1,23,12,4,0,Won Division,326,259,9,3,0,5,1,0
2041,AC West,2,20,11,5,0,Wild Card,419,319,8,4,0,4,2,0
2041,AC West,3,13,9,7,0,None,351,311,6,6,0,2,4,0
2041,AC West,4,8,6,10,0,None,331,397,4,8,0,1,5,0
2041,NC North,1,5,9,7,0,Won Division,331,285,7,5,0,4,2,0
2041,NC North,2,15,7,9,0,None,340,323,6,6,0,3,3,0
2041,NC North,3,9,6,10,0,None,311,348,4,8,0,2,4,0
2041,NC North,4,10,5,11,0,None,278,376,4,8,0,3,3,0
2041,NC South,1,4,11,5,0,Won Division,407,275,9,3,0,5,1,0
2041,NC South,2,17,9,7,0,None,314,327,7,5,0,3,3,0
2041,NC South,3,27,6,10,0,None,320,361,5,7,0,2,4,0
2041,NC South,4,1,6,10,0,None,292,363,5,7,0,2,4,0
2041,NC East,1,21,9,7,0,Won Division,265,288,7,5,0,4,2,0
2041,NC East,2,18,9,7,0,Wild Card,382,349,7,5,0,3,3,0
2041,NC East,3,7,6,10,0,None,287,309,5,7,0,2,4,0
2041,NC East,4,29,5,11,0,None,291,362,5,7,0,3,3,0
2041,NC West,1,0,12,4,0,Won Division,339,238,9,3,0,6,0,0
2041,NC West,2,25,11,5,0,Wild Card,363,272,8,4,0,4,2,0
2041,NC West,3,26,7,9,0,None,339,350,4,8,0,1,5,0
2041,NC West,4,24,4,12,0,None,225,370,4,8,0,1,5,0
2040,AC North,1,30,9,7,0,Won Division,390,335,8,4,0,5,1,0
2040,AC North,2,2,9,7,0,None,291,237,6,6,0,3,3,0
2040,AC North,3,22,6,10,0,None,314,307,5,7,0,3,3,0
2040,AC North,4,6,5,9,2,None,258,327,3,8,1,1,5,0
2040,AC South,1,31,11,5,0,Won Division,393,354,8,4,0,3,3,0
2040,AC South,2,11,10,6,0,Wild Card,349,281,8,4,0,3,3,0
2040,AC South,3,12,10,6,0,Wild Card,379,327,7,5,0,3,3,0
2040,AC South,4,28,4,12,0,None,277,398,4,8,0,3,3,0
2040,AC East,1,14,10,5,1,Won Division,337,259,8,3,1,6,0,0
2040,AC East,2,3,9,7,0,None,374,378,6,6,0,3,3,0
2040,AC East,3,16,6,9,1,None,340,344,3,8,1,1,4,1
2040,AC East,4,19,3,12,1,None,294,355,2,9,1,1,4,1
2040,AC West,1,20,11,5,0,Won Division,373,263,9,3,0,6,0,0
2040,AC West,2,23,9,7,0,None,345,332,6,6,0,2,4,0
2040,AC West,3,8,8,8,0,None,311,316,5,7,0,2,4,0
2040,AC West,4,13,7,9,0,None,240,312,6,6,0,2,4,0
2040,NC North,1,15,9,7,0,Won Division,335,279,8,4,0,5,1,0
2040,NC North,2,5,9,7,0,None,365,327,7,5,0,4,2,0
2040,NC North,3,9,6,10,0,None,314,358,4,8,0,2,4,0
2040,NC North,4,10,5,11,0,None,224,326,2,10,0,1,5,0
2040,NC South,1,4,7,9,0,Won Division,257,316,6,6,0,5,1,0
2040,NC South,2,17,7,9,0,None,313,282,6,6,0,3,3,0
2040,NC South,3,27,6,10,0,None,262,322,2,10,0,1,5,0
2040,NC South,4,1,5,11,0,None,276,372,4,8,0,3,3,0
2040,NC East,1,29,11,4,1,Won Division,330,261,9,2,1,5,0,1
2040,NC East,2,18,10,4,2,Wild Card,356,246,7,4,1,3,2,1
2040,NC East,3,7,9,7,0,None,314,301,7,5,0,2,4,0
2040,NC East,4,21,6,10,0,None,247,361,5,7,0,1,5,0
2040,NC West,1,26,10,6,0,Won Division,327,283,7,5,0,3,3,0
2040,NC West,2,0,9,7,0,Wild Card,318,301,9,3,0,4,2,0
2040,NC West,3,25,9,7,0,None,306,342,6,6,0,3,3,0
2040,NC West,4,24,7,9,0,None,300,307,6,6,0,2,4,0
2039,AC North,1,22,11,4,1,Won Division,364,266,8,4,0,5,1,0
2039,AC North,2,2,10,5,1,Wild Card,353,249,7,5,0,4,2,0
2039,AC North,3,30,10,6,0,Wild Card,424,331,7,5,0,3,3,0
2039,AC North,4,6,7,9,0,None,246,327,4,8,0,0,6,0
2039,AC South,1,12,10,6,0,Won Division,414,338,8,4,0,4,2,0
2039,AC South,2,11,10,6,0,None,415,283,6,6,0,3,3,0
2039,AC South,3,31,9,7,0,None,392,348,7,5,0,3,3,0
2039,AC South,4,28,6,10,0,None,289,335,5,7,0,2,4,0
2039,AC East,1,19,11,5,0,Won Division,432,316,8,4,0,5,1,0
2039,AC East,2,3,7,9,0,None,340,336,5,7,0,4,2,0
2039,AC East,3,16,7,9,0,None,312,348,5,7,0,2,4,0
2039,AC East,4,14,4,12,0,None,229,481,2,10,0,1,5,0
2039,AC West,1,13,12,4,0,Won Division,303,275,9,3,0,5,1,0
2039,AC West,2,23,8,8,0,None,338,329,6,6,0,4,2,0
2039,AC West,3,8,7,9,0,None,262,299,5,7,0,2,4,0
2039,AC West,4,20,6,10,0,None,256,303,4,8,0,1,5,0
2039,NC North,1,9,9,7,0,Won Division,342,312,7,5,0,4,2,0
2039,NC North,2,10,9,7,0,Wild Card,337,284,6,6,0,4,2,0
2039,NC North,3,15,7,8,1,None,334,309,6,5,1,3,3,0
2039,NC North,4,5,3,13,0,None,219,426,2,10,0,1,5,0
2039,NC South,1,17,11,4,1,Won Division,340,291,9,2,1,4,2,0
2039,NC South,2,4,9,7,0,Wild Card,393,334,7,5,0,4,2,0
2039,NC South,3,27,7,9,0,None,336,415,6,6,0,3,3,0
2039,NC South,4,1,6,10,0,None,293,340,4,8,0,1,5,0
2039,NC East,1,29,10,6,0,Won Division,332,279,9,3,0,6,0,0
2039,NC East,2,7,8,8,0,None,304,331,5,7,0,3,3,0
2039,NC East,3,18,7,7,2,None,315,326,5,5,2,1,5,0
2039,NC East,4,21,5,11,0,None,308,361,4,8,0,2,4,0
2039,NC West,1,0,8,7,1,Won Division,365,349,7,5,0,3,3,0
2039,NC West,2,26,8,8,0,None,372,340,7,5,0,4,2,0
2039,NC West,3,24,7,8,1,None,339,313,7,5,0,4,2,0
2039,NC West,4,25,3,13,0,None,248,372,3,9,0,1,5,0
2038,AC North,1,22,11,5,0,Won Division,327,240,10,2,0,5,1,0
2038,AC North,2,2,8,8,0,None,287,320,5,7,0,3,3,0
2038,AC North,3,30,8,8,0,None,315,278,6,6,0,3,3,0
2038,AC North,4,6,8,8,0,None,244,302,5,7,0,1,5,0
2038,AC South,1,28,9,7,0,Won Division,300,301,7,5,0,5,1,0
2038,AC South,2,31,9,7,0,Wild Card,379,309,6,6,0,3,3,0
2038,AC South,3,12,7,9,0,None,332,359,4,8,0,2,4,0
2038,AC South,4,11,5,11,0,None,288,375,4,8,0,2,4,0
2038,AC East,1,16,13,3,0,Won Division,416,300,9,3,0,3,3,0
2038,AC East,2,19,11,5,0,Wild Card,360,334,10,2,0,6,0,0
2038,AC East,3,14,7,9,0,None,291,347,4,8,0,3,3,0
2038,AC East,4,3,1,15,0,None,190,369,0,12,0,0,6,0
2038,AC West,1,8,9,7,0,Won Division,344,337,7,5,0,3,3,0
2038,AC West,2,13,8,8,0,None,361,306,8,4,0,4,2,0
2038,AC West,3,20,8,8,0,None,314,353,5,7,0,3,3,0
2038,AC West,4,23,8,8,0,None,327,333,6,6,0,2,4,0
2038,NC North,1,15,11,5,0,Won Division,366,302,8,4,0,3,3,0
2038,NC North,2,9,10,6,0,Wild Card,441,291,9,3,0,4,2,0
2038,NC North,3,10,8,8,0,None,273,309,7,5,0,4,2,0
2038,NC North,4,5,8,8,0,None,314,337,6,6,0,1,5,0
2038,NC South,1,4,9,7,0,Won Division,376,316,6,6,0,3,3,0
2038,NC South,2,27,8,8,0,None,286,302,7,5,0,4,2,0
2038,NC South,3,17,7,9,0,None,335,315,5,7,0,4,2,0
2038,NC South,4,1,4,12,0,None,283,357,3,9,0,1,5,0
2038,NC East,1,18,9,7,0,Won Division,375,341,6,6,0,3,3,0
2038,NC East,2,29,8,8,0,None,335,308,5,7,0,4,2,0
2038,NC East,3,7,7,9,0,None,311,321,6,6,0,3,3,0
2038,NC East,4,21,3,13,0,None,229,359,3,9,0,2,4,0
2038,NC West,1,24,10,5,1,Won Division,324,290,7,4,1,4,1,1
2038,NC West,2,0,10,5,1,Wild Card,403,382,8,3,1,4,1,1
2038,NC West,3,26,9,7,0,None,361,363,6,6,0,1,5,0
2038,NC West,4,25,4,12,0,None,307,338,3,9,0,2,4,0
2037,AC North,1,6,9,7,0,Won Division,350,285,8,4,0,5,1,0
2037,AC North,2,2,8,7,1,None,255,273,5,6,1,3,3,0
2037,AC North,3,30,7,9,0,None,273,282,6,6,0,3,3,0
2037,AC North,4,22,4,12,0,None,293,399,4,8,0,1,5,0
2037,AC South,1,31,11,5,0,Won Division,367,308,9,3,0,4,2,0
2037,AC South,2,11,10,6,0,Wild Card,356,319,7,5,0,3,3,0
2037,AC South,3,12,8,8,0,None,337,352,6,6,0,3,3,0
2037,AC South,4,28,4,12,0,None,249,326,3,9,0,2,4,0
2037,AC East,1,16,11,5,0,Won Division,359,247,8,4,0,6,0,0
2037,AC East,2,19,9,7,0,None,355,343,5,7,0,1,5,0
2037,AC East,3,14,8,8,0,None,302,355,7,5,0,2,4,0
2037,AC East,4,3,6,10,0,None,337,401,4,8,0,3,3,0
2037,AC West,1,20,11,5,0,Won Division,406,309,7,5,0,3,3,0
2037,AC West,2,13,10,5,1,Wild Card,334,316,6,5,1,4,2,0
2037,AC West,3,23,8,8,0,None,310,338,6,6,0,4,2,0
2037,AC West,4,8,7,9,0,None,353,342,4,8,0,1,5,0
2037,NC North,1,9,11,5,0,Won Division,321,240,7,5,0,5,1,0
2037,NC North,2,10,9,7,0,Wild Card,288,279,6,6,0,2,4,0
2037,NC North,3,5,7,9,0,None,323,356,4,8,0,3,3,0
2037,NC North,4,15,7,9,0,None,298,330,6,6,0,2,4,0
2037,NC South,1,4,10,6,0,Won Division,374,372,8,4,0,5,1,0
2037,NC South,2,17,8,8,0,None,341,332,6,6,0,2,4,0
2037,NC South,3,1,6,10,0,None,256,275,6,6,0,3,3,0
2037,NC South,4,27,6,10,0,None,301,326,4,8,0,2,4,0
2037,NC East,1,18,9,7,0,Won Division,307,302,7,5,0,3,3,0
2037,NC East,2,7,8,8,0,None,299,267,7,5,0,4,2,0
2037,NC East,3,21,6,10,0,None,250,286,6,6,0,3,3,0
2037,NC East,4,29,5,11,0,None,297,364,5,7,0,2,4,0
2037,NC West,1,26,11,5,0,Won Division,408,340,8,4,0,4,2,0
2037,NC West,2,24,10,6,0,Wild Card,355,322,7,5,0,4,2,0
2037,NC West,3,0,8,8,0,None,375,347,6,6,0,3,3,0
2037,NC West,4,25,3,13,0,None,288,384,3,9,0,1,5,0
2036,AC North,1,2,11,5,0,Won Division,320,248,9,3,0,4,2,0
2036,AC North,2,6,8,8,0,None,276,310,6,6,0,4,2,0
2036,AC North,3,22,7,9,0,None,258,304,5,7,0,2,4,0
2036,AC North,4,30,6,10,0,None,297,275,5,7,0,2,4,0
2036,AC South,1,11,11,5,0,Won Division,360,294,7,5,0,4,2,0
2036,AC South,2,28,9,7,0,Wild Card,392,293,6,6,0,4,2,0
2036,AC South,3,12,9,7,0,Wild Card,358,327,7,5,0,2,4,0
2036,AC South,4,31,8,8,0,None,320,362,5,7,0,2,4,0
2036,AC East,1,16,8,8,0,Won Division,281,310,5,7,0,4,2,0
2036,AC East,2,3,8,8,0,None,347,315,7,5,0,4,2,0
2036,AC East,3,14,7,9,0,None,304,364,5,7,0,3,3,0
2036,AC East,4,19,7,9,0,None,328,344,6,6,0,1,5,0
2036,AC West,1,13,12,4,0,Won Division,388,262,12,0,0,6,0,0
2036,AC West,2,20,8,8,0,None,320,291,6,6,0,4,2,0
2036,AC West,3,8,6,10,0,None,347,348,4,8,0,2,4,0
2036,AC West,4,23,2,14,0,None,235,439,1,11,0,0,6,0
2036,NC North,1,10,10,6,0,Won Division,297,272,8,4,0,3,3,0
2036,NC North,2,15,8,8,0,None,276,276,7,5,0,4,2,0
2036,NC North,3,9,7,9,0,None,300,340,7,5,0,4,2,0
2036,NC North,4,5,2,14,0,None,211,403,1,11,0,1,5,0
2036,NC South,1,4,11,5,0,Won Division,369,275,8,4,0,4,2,0
2036,NC South,2,17,10,6,0,Wild Card,312,273,7,5,0,4,2,0
2036,NC South,3,1,9,7,0,None,276,342,8,4,0,3,3,0
2036,NC South,4,27,9,7,0,None,302,312,5,7,0,1,5,0
2036,NC East,1,18,8,8,0,Won Division,325,313,6,6,0,4,2,0
2036,NC East,2,29,8,8,0,None,349,308,4,8,0,3,3,0
2036,NC East,3,7,7,9,0,None,339,306,5,7,0,3,3,0
2036,NC East,4,21,6,10,0,None,311,384,5,7,0,2,4,0
2036,NC West,1,24,11,5,0,Won Division,415,265,8,4,0,4,2,0
2036,NC West,2,0,10,6,0,Wild Card,346,307,7,5,0,4,2,0
2036,NC West,3,25,9,7,0,None,304,323,7,5,0,4,2,0
2036,NC West,4,26,4,12,0,None,322,400,3,9,0,0,6,0
2035,AC North,1,22,14,2,0,Won Division,375,276,11,1,0,5,1,0
2035,AC North,2,30,8,8,0,None,332,316,6,6,0,4,2,0
2035,AC North,3,2,6,10,0,None,260,306,5,7,0,3,3,0
2035,AC North,4,6,0,16,0,None,195,390,0,12,0,0,6,0
2035,AC South,1,28,9,7,0,Won Division,371,329,7,5,0,3,3,0
2035,AC South,2,12,8,8,0,None,371,366,6,6,0,4,2,0
2035,AC South,3,31,8,8,0,None,381,321,6,6,0,4,2,0
2035,AC South,4,11,6,10,0,None,339,359,4,8,0,1,5,0
2035,AC East,1,19,10,6,0,Won Division,386,285,8,4,0,4,2,0
2035,AC East,2,14,10,6,0,Wild Card,355,287,7,5,0,4,2,0
2035,AC East,3,16,7,9,0,None,309,353,5,7,0,2,4,0
2035,AC East,4,3,6,10,0,None,300,347,3,9,0,2,4,0
2035,AC West,1,20,11,5,0,Won Division,269,219,9,3,0,5,1,0
2035,AC West,2,13,10,6,0,Wild Card,349,332,7,5,0,3,3,0
2035,AC West,3,8,8,8,0,None,314,334,6,6,0,2,4,0
2035,AC West,4,23,7,8,1,None,286,338,6,6,0,2,4,0
2035,NC North,1,10,10,6,0,Won Division,310,234,9,3,0,6,0,0
2035,NC North,2,15,6,10,0,None,310,292,4,8,0,3,3,0
2035,NC North,3,9,6,10,0,None,225,301,4,8,0,2,4,0
2035,NC North,4,5,4,11,1,None,208,382,2,10,0,1,5,0
2035,NC South,1,4,11,5,0,Won Division,338,270,8,4,0,4,2,0
2035,NC South,2,1,11,5,0,Wild Card,353,231,9,3,0,3,3,0
2035,NC South,3,17,10,6,0,None,374,356,7,5,0,4,2,0
2035,NC South,4,27,3,13,0,None,248,344,3,9,0,1,5,0
2035,NC East,1,18,9,7,0,Won Division,341,245,8,4,0,5,1,0
2035,NC East,2,29,9,7,0,None,302,316,6,6,0,3,3,0
2035,NC East,3,7,8,8,0,None,354,352,7,5,0,3,3,0
2035,NC East,4,21,5,11,0,None,228,374,4,8,0,1,5,0
2035,NC West,1,26,10,6,0,Won Division,401,282,7,5,0,3,3,0
2035,NC West,2,0,10,6,0,Wild Card,350,296,7,5,0,3,3,0
2035,NC West,3,25,8,8,0,None,299,366,6,6,0,4,2,0
2035,NC West,4,24,7,9,0,None,298,332,5,7,0,2,4,0
2034,AC North,1,2,11,5,0,Won Division,324,287,7,5,0,4,2,0
2034,AC North,2,22,10,6,0,Wild Card,318,271,6,6,0,3,3,0
2034,AC North,3,6,7,9,0,None,235,279,6,6,0,2,4,0
2034,AC North,4,30,6,10,0,None,289,349,5,7,0,3,3,0
2034,AC South,1,11,8,7,1,Won Division,406,355,5,6,1,3,3,0
2034,AC South,2,12,8,8,0,None,298,340,7,5,0,3,3,0
2034,AC South,3,28,5,10,1,None,317,341,5,6,1,3,3,0
2034,AC South,4,31,5,10,1,None,291,352,5,6,1,3,3,0
2034,AC East,1,14,10,5,1,Won Division,373,298,9,2,1,6,0,0
2034,AC East,2,16,10,6,0,Wild Card,298,287,7,5,0,3,3,0
2034,AC East,3,19,6,10,0,None,303,343,5,7,0,2,4,0
2034,AC East,4,3,5,11,0,None,259,346,2,10,0,1,5,0
2034,AC West,1,23,9,6,1,Won Division,350,311,8,3,1,5,1,0
2034,AC West,2,13,8,7,1,None,314,259,6,5,1,3,3,0
2034,AC West,3,8,7,9,0,None,258,261,6,6,0,2,4,0
2034,AC West,4,20,5,10,1,None,279,318,4,8,0,2,4,0
2034,NC North,1,10,9,7,0,Won Division,254,245,7,5,0,4,2,0
2034,NC North,2,15,9,7,0,Wild Card,319,304,7,5,0,2,4,0
2034,NC North,3,9,8,8,0,None,256,228,7,5,0,4,2,0
2034,NC North,4,5,8,8,0,None,289,270,5,7,0,2,4,0
2034,NC South,1,27,7,9,0,Won Division,283,260,5,7,0,4,2,0
2034,NC South,2,4,6,10,0,None,289,309,4,8,0,3,3,0
2034,NC South,3,17,6,10,0,None,302,347,5,7,0,3,3,0
2034,NC South,4,1,6,10,0,None,347,375,5,7,0,2,4,0
2034,NC East,1,29,11,5,0,Won Division,424,308,8,4,0,3,3,0
2034,NC East,2,21,8,8,0,None,260,351,5,7,0,3,3,0
2034,NC East,3,7,8,8,0,None,322,297,5,7,0,3,3,0
2034,NC East,4,18,8,8,0,None,279,310,5,7,0,3,3,0
2034,NC West,1,26,11,5,0,Won Division,387,282,7,5,0,3,3,0
2034,NC West,2,24,9,6,1,Wild Card,317,304,9,3,0,4,2,0
2034,NC West,3,0,9,7,0,None,317,393,7,5,0,3,3,0
2034,NC West,4,25,9,7,0,None,358,335,5,7,0,2,4,0
2033,AC North,1,22,9,6,1,Won Division,377,317,6,5,1,4,2,0
2033,AC North,2,6,7,9,0,None,327,329,6,6,0,3,3,0
2033,AC North,3,30,6,10,0,None,293,350,4,8,0,3,3,0
2033,AC North,4,2,6,10,0,None,320,385,5,7,0,2,4,0
2033,AC South,1,28,10,6,0,Won Division,349,331,8,4,0,5,1,0
2033,AC South,2,31,7,9,0,None,328,351,6,6,0,3,3,0
2033,AC South,3,11,7,9,0,None,240,283,5,7,0,2,4,0
2033,AC South,4,12,6,10,0,None,366,344,4,8,0,2,4,0
2033,AC East,1,14,8,8,0,Won Division,332,276,5,7,0,3,3,0
2033,AC East,2,3,8,8,0,None,347,351,7,5,0,4,2,0
2033,AC East,3,16,8,8,0,None,273,284,7,5,0,2,4,0
2033,AC East,4,19,6,9,1,None,305,343,6,6,0,3,3,0
2033,AC West,1,13,10,6,0,Won Division,301,289,7,5,0,4,2,0
2033,AC West,2,8,9,6,1,Wild Card,348,341,8,3,1,5,1,0
2033,AC West,3,20,9,7,0,Wild Card,311,308,5,7,0,1,5,0
2033,AC West,4,23,7,9,0,None,291,365,6,6,0,2,4,0
2033,NC North,1,15,11,5,0,Won Division,445,322,8,4,0,5,1,0
2033,NC North,2,9,9,7,0,None,293,274,7,5,0,3,3,0
2033,NC North,3,10,7,9,0,None,276,352,6,6,0,3,3,0
2033,NC North,4,5,6,10,0,None,229,329,3,9,0,1,5,0
2033,NC South,1,17,10,6,0,Won Division,337,311,6,6,0,3,3,0
2033,NC South,2,1,9,7,0,Wild Card,316,315,7,5,0,4,2,0
2033,NC South,3,27,8,7,1,None,331,312,7,5,0,3,3,0
2033,NC South,4,4,7,9,0,None,322,333,4,8,0,2,4,0
2033,NC East,1,18,11,5,0,Won Division,351,250,8,4,0,6,0,0
2033,NC East,2,21,9,7,0,None,371,334,7,5,0,2,4,0
2033,NC East,3,29,7,9,0,None,359,356,6,6,0,3,3,0
2033,NC East,4,7,6,10,0,None,334,372,5,7,0,1,5,0
2033,NC West,1,26,11,5,0,Won Division,418,292,9,3,0,5,1,0
2033,NC West,2,24,10,6,0,Wild Card,398,319,7,5,0,4,2,0
2033,NC West,3,25,7,9,0,None,328,334,4,8,0,2,4,0
2033,NC West,4,0,3,13,0,None,270,434,2,10,0,1,5,0
2032,AC North,1,2,9,7,0,Won Division,367,281,7,5,0,4,2,0
2032,AC North,2,22,8,8,0,None,303,274,4,8,0,3,3,0
2032,AC North,3,6,8,8,0,None,392,348,7,5,0,2,4,0
2032,AC North,4,30,6,10,0,None,329,414,5,7,0,3,3,0
2032,AC South,1,31,11,5,0,Won Division,384,327,8,4,0,4,2,0
2032,AC South,2,28,10,6,0,Wild Card,315,291,7,5,0,4,2,0
2032,AC South,3,11,9,7,0,Wild Card,338,339,7,5,0,3,3,0
2032,AC South,4,12,6,10,0,None,387,420,5,7,0,1,5,0
2032,AC East,1,3,9,7,0,Won Division,397,334,8,4,0,4,2,0
2032,AC East,2,16,8,8,0,None,373,323,7,5,0,4,2,0
2032,AC East,3,14,7,9,0,None,305,375,5,7,0,3,3,0
2032,AC East,4,19,3,13,0,None,237,489,2,10,0,1,5,0
2032,AC West,1,13,14,2,0,Won Division,456,196,10,2,0,5,1,0
2032,AC West,2,23,8,8,0,None,316,325,7,5,0,3,3,0
2032,AC West,3,20,6,10,0,None,313,332,5,7,0,3,3,0
2032,AC West,4,8,4,12,0,None,302,452,2,10,0,1,5,0
2032,NC North,1,9,10,6,0,Won Division,331,288,7,5,0,2,4,0
2032,NC North,2,15,9,7,0,None,316,358,7,5,0,4,2,0
2032,NC North,3,10,7,9,0,None,299,316,5,7,0,4,2,0
2032,NC North,4,5,3,13,0,None,238,362,3,9,0,2,4,0
2032,NC South,1,4,11,5,0,Won Division,323,239,9,3,0,4,2,0
2032,NC South,2,1,11,5,0,Wild Card,333,285,8,4,0,4,2,0
2032,NC South,3,27,8,8,0,None,323,287,6,6,0,2,4,0
2032,NC South,4,17,6,10,0,None,290,352,5,7,0,2,4,0
2032,NC East,1,18,10,6,0,Won Division,317,286,8,4,0,4,2,0
2032,NC East,2,7,10,6,0,None,396,310,7,5,0,4,2,0
2032,NC East,3,21,8,8,0,None,342,377,7,5,0,4,2,0
2032,NC East,4,29,3,13,0,None,272,392,1,11,0,0,6,0
2032,NC West,1,26,11,5,0,Won Division,393,302,9,3,0,5,1,0
2032,NC West,2,24,10,6,0,Wild Card,363,263,8,4,0,5,1,0
2032,NC West,3,0,8,8,0,None,318,395,4,8,0,2,4,0
2032,NC West,4,25,5,11,0,None,271,307,2,10,0,0,6,0
2031,AC North,1,30,12,4,0,Won Division,352,285,9,3,0,6,0,0
2031,AC North,2,2,9,7,0,None,304,273,6,6,0,3,3,0
2031,AC North,3,22,6,10,0,None,206,252,4,8,0,3,3,0
2031,AC North,4,6,6,10,0,None,301,330,4,8,0,0,6,0
2031,AC South,1,28,12,4,0,Won Division,390,273,9,3,0,4,2,0
2031,AC South,2,12,9,7,0,Wild Card,326,368,8,4,0,4,2,0
2031,AC South,3,31,7,8,1,None,374,373,4,7,1,2,4,0
2031,AC South,4,11,7,8,1,None,328,380,6,5,1,2,4,0
2031,AC East,1,3,10,6,0,Won Division,400,311,8,4,0,4,2,0
2031,AC East,2,14,10,6,0,Wild Card,402,339,7,5,0,4,2,0
2031,AC East,3,16,8,8,0,None,343,321,5,7,0,4,2,0
2031,AC East,4,19,5,11,0,None,282,430,4,8,0,0,6,0
2031,AC West,1,20,8,6,2,Won Division,340,245,6,4,2,5,0,1
2031,AC West,2,13,7,8,1,None,362,340,5,6,1,3,3,0
2031,AC West,3,23,6,9,1,None,307,347,5,6,1,1,4,1
2031,AC West,4,8,4,12,0,None,290,353,3,9,0,2,4,0
2031,NC North,1,15,11,5,0,Won Division,330,215,9,3,0,6,0,0
2031,NC North,2,9,10,6,0,Wild Card,356,274,6,6,0,3,3,0
2031,NC North,3,5,7,9,0,None,192,330,4,8,0,1,5,0
2031,NC North,4,10,4,11,1,None,279,417,3,8,1,2,4,0
2031,NC South,1,4,9,7,0,Won Division,331,280,7,5,0,3,3,0
2031,NC South,2,17,9,7,0,None,274,258,6,6,0,1,5,0
2031,NC South,3,1,8,7,1,None,286,279,6,5,1,4,1,1
2031,NC South,4,27,6,9,1,None,289,338,5,6,1,3,2,1
2031,NC East,1,7,10,6,0,Won Division,346,336,9,3,0,4,2,0
2031,NC East,2,18,9,7,0,Wild Card,370,297,6,6,0,3,3,0
2031,NC East,3,21,7,9,0,None,292,330,5,7,0,3,3,0
2031,NC East,4,29,4,12,0,None,251,345,3,9,0,2,4,0
2031,NC West,1,26,11,5,0,Won Division,350,272,10,2,0,6,0,0
2031,NC West,2,24,8,7,1,None,330,295,7,4,1,4,2,0
2031,NC West,3,25,7,9,0,None,300,351,5,7,0,1,5,0
2031,NC West,4,0,5,11,0,None,314,360,3,9,0,1,5,0
2030,AC North,1,2,11,4,1,Won Division,354,287,8,3,1,4,1,1
2030,AC North,2,22,9,7,0,None,333,332,5,7,0,3,3,0
2030,AC North,3,6,7,7,2,None,324,325,4,6,2,2,3,1
2030,AC North,4,30,4,12,0,None,233,343,2,10,0,2,4,0
2030,AC South,1,11,11,5,0,Won Division,438,333,7,5,0,3,3,0
2030,AC South,2,12,8,7,1,None,383,349,5,6,1,2,4,0
2030,AC South,3,28,8,8,0,None,348,372,6,6,0,4,2,0
2030,AC South,4,31,7,9,0,None,317,314,6,6,0,3,3,0
2030,AC East,1,16,13,3,0,Won Division,408,266,9,3,0,5,1,0
2030,AC East,2,14,9,7,0,Wild Card,327,364,6,6,0,3,3,0
2030,AC East,3,3,8,8,0,None,361,352,6,6,0,2,4,0
2030,AC East,4,19,7,9,0,None,357,351,5,7,0,2,4,0
2030,AC West,1,13,11,5,0,Won Division,409,269,9,3,0,5,1,0
2030,AC West,2,20,10,6,0,Wild Card,305,308,8,4,0,5,1,0
2030,AC West,3,8,7,9,0,None,249,335,5,7,0,1,5,0
2030,AC West,4,23,5,11,0,None,261,285,3,9,0,1,5,0
2030,NC North,1,15,11,4,1,Won Division,405,275,9,2,1,5,1,0
2030,NC North,2,9,10,6,0,Wild Card,326,236,10,2,0,4,2,0
2030,NC North,3,10,6,10,0,None,315,349,5,7,0,3,3,0
2030,NC North,4,5,4,12,0,None,258,403,2,10,0,0,6,0
2030,NC South,1,1,8,8,0,Won Division,316,273,6,6,0,3,3,0
2030,NC South,2,4,7,9,0,None,307,265,7,5,0,4,2,0
2030,NC South,3,17,5,11,0,None,228,330,4,8,0,3,3,0
2030,NC South,4,27,3,13,0,None,232,375,2,10,0,2,4,0
2030,NC East,1,18,9,7,0,Won Division,365,353,7,5,0,3,3,0
2030,NC East,2,21,9,7,0,None,268,351,7,5,0,3,3,0
2030,NC East,3,29,9,7,0,None,335,328,7,5,0,3,3,0
2030,NC East,4,7,7,9,0,None,304,278,7,5,0,3,3,0
2030,NC West,1,25,10,5,1,Won Division,341,256,6,5,1,4,2,0
2030,NC West,2,26,10,6,0,Wild Card,271,259,7,5,0,4,2,0
2030,NC West,3,24,8,8,0,None,320,301,7,5,0,3,3,0
2030,NC West,4,0,2,14,0,None,221,402,2,10,0,1,5,0
2029,AC North,1,2,10,6,0,Won Division,361,316,7,5,0,4,2,0
2029,AC North,2,6,8,8,0,None,252,347,7,5,0,5,1,0
2029,AC North,3,30,8,8,0,None,317,272,5,7,0,2,4,0
2029,AC North,4,22,8,8,0,None,359,365,5,7,0,1,5,0
2029,AC South,1,11,14,2,0,Won Division,436,283,10,2,0,5,1,0
2029,AC South,2,12,8,8,0,None,353,352,4,8,0,3,3,0
2029,AC South,3,31,8,8,0,None,317,330,6,6,0,2,4,0
2029,AC South,4,28,6,10,0,None,288,322,4,8,0,2,4,0
2029,AC East,1,19,10,6,0,Won Division,308,310,7,5,0,4,2,0
2029,AC East,2,16,9,7,0,Wild Card,349,318,6,6,0,2,4,0
2029,AC East,3,3,8,8,0,None,385,403,6,6,0,3,3,0
2029,AC East,4,14,8,8,0,None,348,328,6,6,0,3,3,0
2029,AC West,1,20,9,7,0,Won Division,398,333,7,5,0,4,2,0
2029,AC West,2,8,9,7,0,Wild Card,315,331,7,5,0,3,3,0
2029,AC West,3,23,6,10,0,None,368,359,4,8,0,3,3,0
2029,AC West,4,13,6,10,0,None,379,349,5,7,0,2,4,0
2029,NC North,1,15,9,7,0,Won Division,377,325,7,5,0,4,2,0
2029,NC North,2,10,8,7,1,Wild Card,354,310,7,4,1,4,2,0
2029,NC North,3,5,8,8,0,None,321,388,5,7,0,3,3,0
2029,NC North,4,9,6,10,0,None,316,356,6,6,0,1,5,0
2029,NC South,1,27,10,5,1,Won Division,375,367,8,3,1,5,1,0
2029,NC South,2,4,6,10,0,None,359,358,5,7,0,4,2,0
2029,NC South,3,17,6,10,0,None,288,334,4,8,0,2,4,0
2029,NC South,4,1,5,11,0,None,336,389,4,8,0,1,5,0
2029,NC East,1,18,13,3,0,Won Division,387,232,10,2,0,5,1,0
2029,NC East,2,21,10,6,0,Wild Card,318,308,6,6,0,4,2,0
2029,NC East,3,29,7,9,0,None,350,378,6,6,0,3,3,0
2029,NC East,4,7,6,10,0,None,262,340,5,7,0,0,6,0
2029,NC West,1,25,9,7,0,Won Division,346,302,7,5,0,3,3,0
2029,NC West,2,24,7,9,0,None,321,271,7,5,0,6,0,0
2029,NC West,3,0,6,10,0,None,263,399,5,7,0,3,3,0
2029,NC West,4,26,4,12,0,None,260,391,3,9,0,0,6,0
2028,AC North,1,2,11,5,0,Won Division,399,301,9,3,0,5,1,0
2028,AC North,2,22,7,9,0,None,353,376,6,6,0,3,3,0
2028,AC North,3,6,7,9,0,None,374,342,5,7,0,2,4,0
2028,AC North,4,30,6,9,1,None,324,367,3,8,1,2,4,0
2028,AC South,1,28,10,5,1,Won Division,311,284,8,3,1,3,2,1
2028,AC South,2,11,10,6,0,Wild Card,401,353,9,3,0,5,1,0
2028,AC South,3,31,7,9,0,None,316,329,5,7,0,2,4,0
2028,AC South,4,12,5,9,2,None,340,346,4,7,1,1,4,1
2028,AC East,1,19,9,6,1,Won Division,362,331,7,4,1,4,2,0
2028,AC East,2,3,8,8,0,Wild Card,325,329,8,4,0,4,2,0
2028,AC East,3,14,8,8,0,None,363,379,6,6,0,2,4,0
2028,AC East,4,16,6,10,0,None,317,371,5,7,0,2,4,0
2028,AC West,1,20,9,7,0,Won Division,356,392,6,6,0,4,2,0
2028,AC West,2,13,7,9,0,None,315,295,5,7,0,3,3,0
2028,AC West,3,23,6,10,0,None,313,341,4,8,0,2,4,0
2028,AC West,4,8,5,11,0,None,290,359,4,8,0,3,3,0
2028,NC North,1,15,10,6,0,Won Division,400,308,6,6,0,3,3,0
2028,NC North,2,10,8,7,1,Wild Card,340,338,7,5,0,2,4,0
2028,NC North,3,9,8,8,0,None,340,329,5,7,0,3,3,0
2028,NC North,4,5,7,8,1,None,304,352,6,5,1,4,2,0
2028,NC South,1,4,11,5,0,Won Division,304,252,9,3,0,5,1,0
2028,NC South,2,17,7,9,0,None,322,331,5,7,0,4,2,0
2028,NC South,3,27,6,9,1,None,334,358,4,7,1,2,4,0
2028,NC South,4,1,6,10,0,None,334,406,4,8,0,1,5,0
2028,NC East,1,18,11,5,0,Won Division,398,282,8,4,0,3,3,0
2028,NC East,2,21,8,8,0,None,270,313,7,5,0,3,3,0
2028,NC East,3,29,6,9,1,None,304,382,4,7,1,3,3,0
2028,NC East,4,7,6,10,0,None,238,323,4,8,0,3,3,0
2028,NC West,1,25,14,2,0,Won Division,391,237,10,2,0,5,1,0
2028,NC West,2,26,10,6,0,Wild Card,399,332,6,6,0,4,2,0
2028,NC West,3,24,8,7,1,None,373,325,6,5,1,3,3,0
2028,NC West,4,0,4,12,0,None,290,437,3,9,0,0,6,0
2027,AC North,1,6,13,3,0,Won Division,424,253,9,3,0,5,1,0
2027,AC North,2,2,12,4,0,Wild Card,438,341,9,3,0,3,3,0
2027,AC North,3,22,9,7,0,None,401,372,8,4,0,3,3,0
2027,AC North,4,30,7,9,0,None,285,328,5,7,0,1,5,0
2027,AC South,1,11,12,4,0,Won Division,408,267,8,4,0,3,3,0
2027,AC South,2,31,9,7,0,None,360,305,5,7,0,2,4,0
2027,AC South,3,12,7,8,1,None,334,349,6,6,0,5,1,0
2027,AC South,4,28,6,10,0,None,280,348,4,8,0,2,4,0
2027,AC East,1,16,12,4,0,Won Division,370,331,8,4,0,5,1,0
2027,AC East,2,3,11,5,0,Wild Card,359,274,9,3,0,4,2,0
2027,AC East,3,14,6,10,0,None,282,360,4,8,0,2,4,0
2027,AC East,4,19,5,11,0,None,234,356,4,8,0,1,5,0
2027,AC West,1,13,9,7,0,Won Division,342,338,6,6,0,3,3,0
2027,AC West,2,23,8,8,0,None,306,317,5,7,0,4,2,0
2027,AC West,3,20,8,8,0,None,362,352,4,8,0,3,3,0
2027,AC West,4,8,4,12,0,None,263,414,2,10,0,2,4,0
2027,NC North,1,15,11,5,0,Won Division,362,290,8,4,0,4,2,0
2027,NC North,2,10,9,7,0,Wild Card,307,288,8,4,0,5,1,0
2027,NC North,3,9,4,12,0,None,250,343,4,8,0,3,3,0
2027,NC North,4,5,4,12,0,None,367,429,4,8,0,0,6,0
2027,NC South,1,4,8,7,1,Won Division,337,332,7,5,0,5,1,0
2027,NC South,2,27,7,9,0,None,345,349,6,6,0,3,3,0
2027,NC South,3,1,7,9,0,None,286,320,6,6,0,3,3,0
2027,NC South,4,17,6,10,0,None,307,331,5,7,0,1,5,0
2027,NC East,1,7,9,7,0,Won Division,323,299,6,6,0,4,2,0
2027,NC East,2,29,8,8,0,None,300,340,7,5,0,4,2,0
2027,NC East,3,18,8,8,0,None,393,368,6,6,0,3,3,0
2027,NC East,4,21,6,10,0,None,311,372,5,7,0,1,5,0
2027,NC West,1,25,12,4,0,Won Division,406,273,10,2,0,5,1,0
2027,NC West,2,26,9,7,0,Wild Card,362,310,8,4,0,3,3,0
2027,NC West,3,0,5,11,0,None,290,361,4,8,0,3,3,0
2027,NC West,4,24,4,12,0,None,317,401,2,10,0,1,5,0
2026,AC North,1,2,13,3,0,Won Division,389,293,10,2,0,5,1,0
2026,AC North,2,6,10,6,0,Wild Card,390,302,7,5,0,4,2,0
2026,AC North,3,22,8,7,1,None,367,383,5,6,1,2,4,0
2026,AC North,4,30,5,11,0,None,270,357,4,8,0,1,5,0
2026,AC South,1,12,10,6,0,Won Division,392,341,8,4,0,4,2,0
2026,AC South,2,31,8,7,1,None,368,326,5,6,1,3,3,0
2026,AC South,3,28,6,9,1,None,315,360,6,5,1,3,3,0
2026,AC South,4,11,6,10,0,None,324,335,2,10,0,2,4,0
2026,AC East,1,16,13,3,0,Won Division,382,291,9,3,0,4,2,0
2026,AC East,2,14,9,7,0,Wild Card,350,306,6,6,0,4,2,0
2026,AC East,3,19,5,11,0,None,303,365,3,9,0,2,4,0
2026,AC East,4,3,4,12,0,None,304,357,4,8,0,2,4,0
2026,AC West,1,20,13,3,0,Won Division,440,275,9,3,0,5,1,0
2026,AC West,2,23,9,7,0,None,358,288,7,5,0,4,2,0
2026,AC West,3,13,6,8,2,None,328,351,5,6,1,1,5,0
2026,AC West,4,8,5,11,0,None,265,375,4,8,0,2,4,0
2026,NC North,1,10,9,7,0,Won Division,302,291,7,5,0,3,3,0
2026,NC North,2,9,8,8,0,None,350,352,7,5,0,3,3,0
2026,NC North,3,5,8,8,0,None,329,340,5,7,0,3,3,0
2026,NC North,4,15,7,9,0,None,308,355,6,6,0,3,3,0
2026,NC South,1,27,9,7,0,Won Division,395,325,7,5,0,3,3,0
2026,NC South,2,1,7,9,0,None,337,360,5,7,0,4,2,0
2026,NC South,3,17,7,9,0,None,314,357,6,6,0,3,3,0
2026,NC South,4,4,5,11,0,None,297,330,4,8,0,2,4,0
2026,NC East,1,18,9,7,0,Won Division,336,298,7,5,0,4,2,0
2026,NC East,2,7,9,7,0,Wild Card,362,339,8,4,0,2,4,0
2026,NC East,3,21,7,9,0,None,301,349,5,7,0,3,3,0
2026,NC East,4,29,6,10,0,None,283,400,4,8,0,3,3,0
2026,NC West,1,26,9,6,1,Won Division,334,322,7,4,1,4,1,1
2026,NC West,2,25,9,6,1,Wild Card,348,306,8,4,0,4,2,0
2026,NC West,3,24,7,8,1,None,339,308,4,7,1,3,2,1
2026,NC West,4,0,6,10,0,None,220,363,5,7,0,0,6,0
2025,AC North,1,2,12,4,0,Won Division,405,342,10,2,0,5,1,0
2025,AC North,2,6,9,7,0,None,376,276,8,4,0,5,1,0
2025,AC North,3,22,7,9,0,None,327,384,4,8,0,1,5,0
2025,AC North,4,30,6,10,0,None,360,324,5,7,0,1,5,0
2025,AC South,1,11,13,3,0,Won Division,418,247,10,2,0,5,1,0
2025,AC South,2,31,7,8,1,None,340,371,5,6,1,2,3,1
2025,AC South,3,12,7,9,0,None,281,315,4,8,0,3,3,0
2025,AC South,4,28,3,11,2,None,286,391,1,9,2,1,4,1
2025,AC East,1,14,11,5,0,Won Division,403,330,8,4,0,3,3,0
2025,AC East,2,16,9,7,0,Wild Card,308,302,7,5,0,4,2,0
2025,AC East,3,3,5,10,1,None,258,287,3,8,1,3,3,0
2025,AC East,4,19,4,12,0,None,253,427,3,9,0,2,4,0
2025,AC West,1,20,14,1,1,Won Division,434,279,11,1,0,5,1,0
2025,AC West,2,13,11,5,0,Wild Card,396,313,7,5,0,4,2,0
2025,AC West,3,23,8,8,0,None,298,333,5,7,0,2,4,0
2025,AC West,4,8,4,12,0,None,274,381,3,9,0,1,5,0
2025,NC North,1,10,11,5,0,Won Division,365,320,9,3,0,4,2,0
2025,NC North,2,9,11,5,0,Wild Card,354,314,8,4,0,3,3,0
2025,NC North,3,5,10,6,0,None,367,302,6,6,0,3,3,0
2025,NC North,4,15,7,9,0,None,276,327,7,5,0,2,4,0
2025,NC South,1,1,10,6,0,Won Division,342,291,10,2,0,5,1,0
2025,NC South,2,4,10,6,0,Wild Card,320,297,7,5,0,4,2,0
2025,NC South,3,17,10,6,0,None,378,338,7,5,0,2,4,0
2025,NC South,4,27,6,10,0,None,323,313,4,8,0,1,5,0
2025,NC East,1,7,7,8,1,Won Division,306,298,6,6,0,4,2,0
2025,NC East,2,18,6,10,0,None,318,340,5,7,0,3,3,0
2025,NC East,3,29,5,11,0,None,305,372,4,8,0,3,3,0
2025,NC East,4,21,5,11,0,None,320,354,4,8,0,2,4,0
2025,NC West,1,26,12,4,0,Won Division,402,282,9,3,0,4,2,0
2025,NC West,2,25,9,7,0,None,287,352,7,5,0,5,1,0
2025,NC West,3,0,2,14,0,None,241,334,2,10,0,2,4,0
2025,NC West,4,24,2,14,0,None,263,448,1,11,0,1,5,0
2024,AC North,1,6,11,5,0,Won Division,382,306,8,4,0,6,0,0
2024,AC North,2,22,9,7,0,None,353,364,6,6,0,2,4,0
2024,AC North,3,30,8,8,0,None,358,333,7,5,0,4,2,0
2024,AC North,4,2,4,12,0,None,302,386,3,9,0,0,6,0
2024,AC South,1,28,10,6,0,Won Division,421,352,7,5,0,3,3,0
2024,AC South,2,11,9,6,1,None,369,347,6,6,0,2,4,0
2024,AC South,3,31,8,8,0,None,347,403,6,6,0,5,1,0
2024,AC South,4,12,7,9,0,None,360,361,4,8,0,2,4,0
2024,AC East,1,3,12,4,0,Won Division,349,287,8,4,0,3,3,0
2024,AC East,2,19,10,6,0,Wild Card,369,326,7,5,0,4,2,0
2024,AC East,3,14,10,6,0,Wild Card,411,319,7,5,0,4,2,0
2024,AC East,4,16,6,10,0,None,331,379,3,9,0,1,5,0
2024,AC West,1,20,10,6,0,Won Division,429,384,7,5,0,4,2,0
2024,AC West,2,8,8,8,0,None,322,334,7,5,0,4,2,0
2024,AC West,3,23,7,9,0,None,358,368,5,7,0,2,4,0
2024,AC West,4,13,6,10,0,None,326,360,5,7,0,2,4,0
2024,NC North,1,9,10,6,0,Won Division,367,323,8,4,0,5,1,0
2024,NC North,2,10,8,8,0,None,357,295,6,6,0,4,2,0
2024,NC North,3,5,4,12,0,None,288,389,4,8,0,2,4,0
2024,NC North,4,15,2,13,1,None,282,390,2,10,0,1,5,0
2024,NC South,1,17,10,6,0,Won Division,399,322,8,4,0,4,2,0
2024,NC South,2,4,9,7,0,None,345,333,7,5,0,4,2,0
2024,NC South,3,1,7,9,0,None,272,323,3,9,0,2,4,0
2024,NC South,4,27,4,12,0,None,278,401,3,9,0,2,4,0
2024,NC East,1,7,11,5,0,Won Division,339,293,7,5,0,4,2,0
2024,NC East,2,18,10,6,0,Wild Card,380,258,8,4,0,4,2,0
2024,NC East,3,21,8,8,0,None,323,304,6,6,0,2,4,0
2024,NC East,4,29,6,10,0,None,316,395,6,6,0,2,4,0
2024,NC West,1,0,11,5,0,Won Division,364,268,9,3,0,4,2,0
2024,NC West,2,25,9,7,0,Wild Card,343,348,9,3,0,3,3,0
2024,NC West,3,24,7,9,0,None,231,276,6,6,0,2,4,0
2024,NC West,4,26,4,12,0,None,241,385,4,8,0,3,3,0
2023,AC North,1,2,10,6,0,Won Division,406,298,8,4,0,5,1,0
2023,AC North,2,22,9,7,0,None,408,372,5,7,0,3,3,0
2023,AC North,3,30,5,11,0,None,321,388,4,8,0,2,4,0
2023,AC North,4,6,5,11,0,None,374,356,4,8,0,2,4,0
2023,AC South,1,11,11,5,0,Won Division,345,321,8,4,0,4,2,0
2023,AC South,2,12,11,5,0,Wild Card,380,311,7,5,0,2,4,0
2023,AC South,3,28,9,7,0,None,355,336,7,5,0,4,2,0
2023,AC South,4,31,7,9,0,None,324,346,6,6,0,2,4,0
2023,AC East,1,16,11,5,0,Won Division,323,265,7,5,0,4,2,0
2023,AC East,2,3,10,6,0,Wild Card,319,276,6,6,0,2,4,0
2023,AC East,3,19,9,7,0,None,320,320,9,3,0,6,0,0
2023,AC East,4,14,5,11,0,None,323,391,3,9,0,0,6,0
2023,AC West,1,13,10,6,0,Won Division,353,268,9,3,0,4,2,0
2023,AC West,2,20,8,8,0,None,381,398,5,7,0,4,2,0
2023,AC West,3,23,6,10,0,None,280,356,6,6,0,3,3,0
2023,AC West,4,8,4,12,0,None,243,362,2,10,0,1,5,0
2023,NC North,1,10,9,7,0,Won Division,314,287,7,5,0,5,1,0
2023,NC North,2,9,8,8,0,None,401,352,5,7,0,3,3,0
2023,NC North,3,5,6,9,1,None,340,346,4,7,1,2,4,0
2023,NC North,4,15,6,10,0,None,276,389,3,9,0,2,4,0
2023,NC South,1,4,11,5,0,Won Division,381,361,9,3,0,5,1,0
2023,NC South,2,17,9,7,0,None,443,372,8,4,0,3,3,0
2023,NC South,3,1,7,8,1,None,351,339,6,5,1,2,4,0
2023,NC South,4,27,6,10,0,None,319,353,4,8,0,2,4,0
2023,NC East,1,7,10,5,1,Won Division,374,319,8,3,1,4,1,1
2023,NC East,2,21,9,7,0,Wild Card,338,289,8,4,0,4,2,0
2023,NC East,3,18,9,7,0,None,354,354,7,5,0,3,3,0
2023,NC East,4,29,2,13,1,None,321,419,1,10,1,0,5,1
2023,NC West,1,25,11,5,0,Won Division,394,284,8,4,0,3,3,0
2023,NC West,2,26,10,6,0,Wild Card,330,280,7,5,0,5,1,0
2023,NC West,3,0,7,9,0,None,280,360,6,6,0,3,3,0
2023,NC West,4,24,4,12,0,None,245,448,3,9,0,1,5,0
2022,AC North,1,22,10,5,1,Won Division,350,290,6,5,1,3,2,1
2022,AC North,2,6,8,7,1,None,355,344,6,5,1,3,2,1
2022,AC North,3,2,8,8,0,None,378,353,6,6,0,3,3,0
2022,AC North,4,30,7,9,0,None,334,361,5,7,0,2,4,0
2022,AC South,1,11,11,5,0,Won Division,396,263,8,4,0,4,2,0
2022,AC South,2,12,11,5,0,Wild Card,297,290,8,4,0,3,3,0
2022,AC South,3,28,9,7,0,None,341,366,7,5,0,3,3,0
2022,AC South,4,31,6,10,0,None,308,343,4,8,0,2,4,0
2022,AC East,1,3,11,5,0,Won Division,347,268,8,4,0,4,2,0
2022,AC East,2,14,7,9,0,None,316,341,5,7,0,4,2,0
2022,AC East,3,16,6,10,0,None,300,358,6,6,0,3,3,0
2022,AC East,4,19,6,10,0,None,317,414,3,9,0,1,5,0
2022,AC West,1,20,11,5,0,Won Division,365,262,9,3,0,6,0,0
2022,AC West,2,13,11,5,0,Wild Card,434,302,8,4,0,4,2,0
2022,AC West,3,23,6,10,0,None,317,352,4,8,0,1,5,0
2022,AC West,4,8,5,11,0,None,270,366,2,10,0,1,5,0
2022,NC North,1,15,11,5,0,Won Division,330,298,8,4,0,4,2,0
2022,NC North,2,5,10,6,0,Wild Card,333,303,8,4,0,4,2,0
2022,NC North,3,9,6,10,0,None,334,388,4,8,0,2,4,0
2022,NC North,4,10,3,13,0,None,290,389,2,10,0,2,4,0
2022,NC South,1,1,10,5,1,Won Division,394,276,7,4,1,5,0,1
2022,NC South,2,27,8,8,0,None,373,385,6,6,0,2,4,0
2022,NC South,3,4,6,9,1,None,314,358,5,6,1,1,4,1
2022,NC South,4,17,6,10,0,None,329,383,6,6,0,3,3,0
2022,NC East,1,7,14,2,0,Won Division,470,289,12,0,0,6,0,0
2022,NC East,2,21,8,8,0,None,396,361,6,6,0,2,4,0
2022,NC East,3,29,5,11,0,None,276,375,4,8,0,2,4,0
2022,NC East,4,18,4,12,0,None,292,349,3,9,0,2,4,0
2022,NC West,1,0,10,5,1,Won Division,300,301,9,2,1,3,2,1
2022,NC West,2,25,9,7,0,Wild Card,343,287,6,6,0,4,2,0
2022,NC West,3,26,7,8,1,None,285,361,6,5,1,3,2,1
2022,NC West,4,24,3,13,0,None,269,377,2,10,0,1,5,0
2021,AC North,1,2,10,6,0,Won Division,365,301,8,4,0,5,1,0
2021,AC North,2,6,9,7,0,Wild Card,359,353,7,5,0,3,3,0
2021,AC North,3,22,8,8,0,None,400,342,7,5,0,2,4,0
2021,AC North,4,30,5,11,0,None,330,362,4,8,0,2,4,0
2021,AC South,1,31,9,7,0,Won Division,359,326,7,5,0,3,3,0
2021,AC South,2,28,8,8,0,None,309,330,7,5,0,4,2,0
2021,AC South,3,11,8,8,0,None,316,289,7,5,0,3,3,0
2021,AC South,4,12,5,11,0,None,273,352,4,8,0,2,4,0
2021,AC East,1,3,9,7,0,Won Division,356,359,9,3,0,6,0,0
2021,AC East,2,14,8,8,0,None,307,316,6,6,0,3,3,0
2021,AC East,3,19,6,10,0,None,320,383,4,8,0,2,4,0
2021,AC East,4,16,4,12,0,None,281,364,3,9,0,1,5,0
2021,AC West,1,13,9,7,0,Won Division,319,329,8,4,0,5,1,0
2021,AC West,2,20,9,7,0,Wild Card,389,368,6,6,0,2,4,0
2021,AC West,3,23,7,9,0,None,306,340,5,7,0,3,3,0
2021,AC West,4,8,5,11,0,None,227,362,4,8,0,2,4,0
2021,NC North,1,15,12,4,0,Won Division,406,273,9,3,0,5,1,0
2021,NC North,2,5,8,8,0,None,307,339,5,7,0,2,4,0
2021,NC North,3,10,7,9,0,None,295,332,5,7,0,3,3,0
2021,NC North,4,9,5,11,0,None,279,364,3,9,0,2,4,0
2021,NC South,1,1,12,4,0,Won Division,436,320,9,3,0,5,1,0
2021,NC South,2,4,9,7,0,Wild Card,415,317,7,5,0,3,3,0
2021,NC South,3,17,9,7,0,None,373,350,6,6,0,2,4,0
2021,NC South,4,27,7,9,0,None,349,387,4,8,0,2,4,0
2021,NC East,1,7,13,3,0,Won Division,443,303,9,3,0,5,1,0
2021,NC East,2,21,7,9,0,None,340,314,6,6,0,4,2,0
2021,NC East,3,18,7,9,0,None,316,376,5,7,0,2,4,0
2021,NC East,4,29,6,10,0,None,299,336,4,8,0,1,5,0
2021,NC West,1,26,11,5,0,Won Division,334,298,8,4,0,5,1,0
2021,NC West,2,24,10,6,0,Wild Card,355,340,8,4,0,4,2,0
2021,NC West,3,0,7,9,0,None,343,354,4,8,0,2,4,0
2021,NC West,4,25,7,9,0,None,320,347,4,8,0,1,5,0
2020,AC North,1,22,10,6,0,Won Division,362,283,8,4,0,4,2,0
2020,AC North,2,2,10,6,0,Wild Card,404,321,8,4,0,4,2,0
2020,AC North,3,30,8,8,0,None,375,321,7,5,0,4,2,0
2020,AC North,4,6,5,11,0,None,293,357,4,8,0,0,6,0
2020,AC South,1,28,8,8,0,Won Division,382,329,6,6,0,5,1,0
2020,AC South,2,12,8,8,0,None,275,340,6,6,0,3,3,0
2020,AC South,3,31,7,9,0,None,247,302,5,7,0,3,3,0
2020,AC South,4,11,6,10,0,None,295,343,5,7,0,1,5,0
2020,AC East,1,16,12,4,0,Won Division,365,313,8,4,0,4,2,0
2020,AC East,2,3,9,7,0,None,351,331,7,5,0,4,2,0
2020,AC East,3,19,7,8,1,None,325,349,5,6,1,3,2,1
2020,AC East,4,14,4,11,1,None,262,331,1,10,1,0,5,1
2020,AC West,1,13,10,6,0,Won Division,399,328,8,4,0,5,1,0
2020,AC West,2,23,10,6,0,Wild Card,349,355,8,4,0,4,2,0
2020,AC West,3,20,8,8,0,None,332,384,6,6,0,2,4,0
2020,AC West,4,8,4,12,0,None,241,338,3,9,0,1,5,0
2020,NC North,1,10,12,4,0,Won Division,335,250,9,3,0,5,1,0
2020,NC North,2,9,9,7,0,None,332,334,6,6,0,3,3,0
2020,NC North,3,5,6,10,0,None,254,307,4,8,0,2,4,0
2020,NC North,4,15,4,12,0,None,312,415,3,9,0,2,4,0
2020,NC South,1,17,13,3,0,Won Division,438,312,10,2,0,5,1,0
2020,NC South,2,1,11,5,0,Wild Card,428,347,9,3,0,4,2,0
2020,NC South,3,27,8,8,0,None,394,375,6,6,0,2,4,0
2020,NC South,4,4,6,10,0,None,331,334,4,8,0,1,5,0
2020,NC East,1,7,10,6,0,Won Division,375,315,8,4,0,6,0,0
2020,NC East,2,18,9,7,0,None,327,373,7,5,0,4,2,0
2020,NC East,3,21,7,9,0,None,330,326,3,9,0,0,6,0
2020,NC East,4,29,6,10,0,None,262,295,4,8,0,2,4,0
2020,NC West,1,24,10,6,0,Won Division,344,326,8,4,0,4,2,0
2020,NC West,2,26,9,7,0,Wild Card,346,319,8,4,0,5,1,0
2020,NC West,3,0,6,10,0,None,247,262,5,7,0,2,4,0
2020,NC West,4,25,3,13,0,None,268,365,2,10,0,1,5,0
